accessed datetime,year,month name,month number,day of month,weekday number,weekday name,weekend (y/n),hour,Hour (bins),Hour (for bin use),PHQ-9 (Sum by day),GAD-7 (Sum by day),SDoH (Sum by day),CAGE-AID (Sum by day),Total Websites (Sum by day),PHQ-9 Daily Sum / Website Sum,SDoH Daily Sum / Website Sum,GAD-7 Daily Sum / Website Sum,CAGE-AID Daily Sum / Website Sum
2025-04-23T23:35:44.6910000,2025,April,4,23,3,Wednesday,No,23,After 6PM,23.35,0,0,0,0,1,0,0,0,0
2025-04-23T23:36:32.5330000,2025,April,4,23,3,Wednesday,No,23,After 6PM,23.36,0,0,0,0,1,0,0,0,0
2025-04-23T23:36:52.4780000,2025,April,4,23,3,Wednesday,No,23,After 6PM,23.36,0,0,0,0,3,0,0,0,0
2025-04-23T23:37:05.3310000,2025,April,4,23,3,Wednesday,No,23,After 6PM,23.37,0,0,0,0,5,0,0,0,0
2025-04-23T23:37:15.0290000,2025,April,4,23,3,Wednesday,No,23,After 6PM,23.37,0,0,0,0,2,0,0,0,0
2025-04-23T23:37:23.5340000,2025,April,4,23,3,Wednesday,No,23,After 6PM,23.37,0,0,0,0,3,0,0,0,0
2025-04-23T23:38:13.1870000,2025,April,4,23,3,Wednesday,No,23,After 6PM,23.38,0,0,0,0,2,0,0,0,0
2025-04-23T23:38:16.2220000,2025,April,4,23,3,Wednesday,No,23,After 6PM,23.38,0,0,0,0,2,0,0,0,0
2025-04-23T23:40:30.3820000,2025,April,4,23,3,Wednesday,No,23,After 6PM,23.4,0,0,0,0,3,0,0,0,0
2025-04-23T23:40:41.9000000,2025,April,4,23,3,Wednesday,No,23,After 6PM,23.4,0,0,0,0,1,0,0,0,0
2025-04-23T23:41:40.7270000,2025,April,4,23,3,Wednesday,No,23,After 6PM,23.41,0,0,0,0,2,0,0,0,0
2025-04-23T23:48:56.1760000,2025,April,4,23,3,Wednesday,No,23,After 6PM,23.48,0,0,0,0,1,0,0,0,0
2025-04-23T23:50:07.4110000,2025,April,4,23,3,Wednesday,No,23,After 6PM,23.5,0,0,0,0,2,0,0,0,0
2025-04-23T23:55:27.7690000,2025,April,4,23,3,Wednesday,No,23,After 6PM,23.55,0,0,0,0,2,0,0,0,0
2025-04-23T23:56:39.7570000,2025,April,4,23,3,Wednesday,No,23,After 6PM,23.56,0,0,0,0,1,0,0,0,0
2025-04-23T23:58:02.1300000,2025,April,4,23,3,Wednesday,No,23,After 6PM,23.58,0,0,0,0,1,0,0,0,0
2025-04-23T23:58:03.5650000,2025,April,4,23,3,Wednesday,No,23,After 6PM,23.58,0,0,0,0,1,0,0,0,0
2025-04-23T23:58:18.2760000,2025,April,4,23,3,Wednesday,No,23,After 6PM,23.58,0,0,0,0,2,0,0,0,0
2025-04-23T23:59:40.1950000,2025,April,4,23,3,Wednesday,No,23,After 6PM,23.59,0,0,0,0,1,0,0,0,0
2025-04-23T23:59:56.7090000,2025,April,4,23,3,Wednesday,No,23,After 6PM,23.59,0,0,0,0,1,0,0,0,0
2025-04-24T00:00:27.5710000,2025,April,4,24,4,Thursday,No,0,Before 6AM,0,0,0,0,0,1,0,0,0,0
2025-04-24T00:02:02.2400000,2025,April,4,24,4,Thursday,No,0,Before 6AM,0.2,0,0,0,0,1,0,0,0,0
2025-04-24T00:02:10.5580000,2025,April,4,24,4,Thursday,No,0,Before 6AM,0.2,0,0,0,0,1,0,0,0,0
2025-04-24T00:02:43.7660000,2025,April,4,24,4,Thursday,No,0,Before 6AM,0.2,0,0,0,0,1,0,0,0,0
2025-04-24T00:02:45.6730000,2025,April,4,24,4,Thursday,No,0,Before 6AM,0.2,0,0,0,0,1,0,0,0,0
2025-04-24T00:02:55.3740000,2025,April,4,24,4,Thursday,No,0,Before 6AM,0.2,0,0,0,0,1,0,0,0,0
2025-04-24T00:02:59.2530000,2025,April,4,24,4,Thursday,No,0,Before 6AM,0.2,0,0,0,0,2,0,0,0,0
2025-04-24T00:03:21.1880000,2025,April,4,24,4,Thursday,No,0,Before 6AM,0.3,0,0,0,0,1,0,0,0,0
2025-04-24T00:03:31.9540000,2025,April,4,24,4,Thursday,No,0,Before 6AM,0.3,0,0,0,0,1,0,0,0,0
2025-04-24T00:03:40.3290000,2025,April,4,24,4,Thursday,No,0,Before 6AM,0.3,0,0,0,0,1,0,0,0,0
2025-04-24T00:03:46.1920000,2025,April,4,24,4,Thursday,No,0,Before 6AM,0.3,0,0,0,0,1,0,0,0,0
2025-04-24T00:03:50.7750000,2025,April,4,24,4,Thursday,No,0,Before 6AM,0.3,0,0,0,0,1,0,0,0,0
2025-04-24T00:03:53.9710000,2025,April,4,24,4,Thursday,No,0,Before 6AM,0.3,0,0,0,0,1,0,0,0,0
2025-04-24T00:04:00.7920000,2025,April,4,24,4,Thursday,No,0,Before 6AM,0.4,0,0,0,0,1,0,0,0,0
2025-04-24T00:04:04.4810000,2025,April,4,24,4,Thursday,No,0,Before 6AM,0.4,0,0,0,0,1,0,0,0,0
2025-04-24T00:04:13.4180000,2025,April,4,24,4,Thursday,No,0,Before 6AM,0.4,0,0,0,0,1,0,0,0,0
2025-04-24T00:04:18.2590000,2025,April,4,24,4,Thursday,No,0,Before 6AM,0.4,0,0,0,0,1,0,0,0,0
2025-04-24T00:04:20.1310000,2025,April,4,24,4,Thursday,No,0,Before 6AM,0.4,0,0,0,0,1,0,0,0,0
2025-04-24T00:04:21.2490000,2025,April,4,24,4,Thursday,No,0,Before 6AM,0.4,0,0,0,0,1,0,0,0,0
2025-04-24T00:04:25.4690000,2025,April,4,24,4,Thursday,No,0,Before 6AM,0.4,0,0,0,0,1,0,0,0,0
2025-04-24T00:04:32.8940000,2025,April,4,24,4,Thursday,No,0,Before 6AM,0.4,0,0,0,0,1,0,0,0,0
2025-04-24T00:04:43.0730000,2025,April,4,24,4,Thursday,No,0,Before 6AM,0.4,0,0,0,0,1,0,0,0,0
2025-04-24T00:04:44.1830000,2025,April,4,24,4,Thursday,No,0,Before 6AM,0.4,0,0,0,0,1,0,0,0,0
2025-04-24T00:04:48.1300000,2025,April,4,24,4,Thursday,No,0,Before 6AM,0.4,0,0,0,0,1,0,0,0,0
2025-04-24T00:04:55.1840000,2025,April,4,24,4,Thursday,No,0,Before 6AM,0.4,0,0,0,0,1,0,0,0,0
2025-04-24T00:04:56.3650000,2025,April,4,24,4,Thursday,No,0,Before 6AM,0.4,0,0,0,0,1,0,0,0,0
2025-04-24T00:05:00.0600000,2025,April,4,24,4,Thursday,No,0,Before 6AM,0.5,0,0,0,0,1,0,0,0,0
2025-04-24T00:05:04.2770000,2025,April,4,24,4,Thursday,No,0,Before 6AM,0.5,0,0,0,0,1,0,0,0,0
2025-04-24T00:05:09.3480000,2025,April,4,24,4,Thursday,No,0,Before 6AM,0.5,0,0,0,0,1,0,0,0,0
2025-04-24T00:05:12.1450000,2025,April,4,24,4,Thursday,No,0,Before 6AM,0.5,0,0,0,0,1,0,0,0,0
2025-04-24T00:05:21.4380000,2025,April,4,24,4,Thursday,No,0,Before 6AM,0.5,0,0,0,0,1,0,0,0,0
2025-04-24T00:05:24.6510000,2025,April,4,24,4,Thursday,No,0,Before 6AM,0.5,0,0,0,0,1,0,0,0,0
2025-04-24T00:05:27.4870000,2025,April,4,24,4,Thursday,No,0,Before 6AM,0.5,0,0,0,0,1,0,0,0,0
2025-04-24T00:05:28.5360000,2025,April,4,24,4,Thursday,No,0,Before 6AM,0.5,0,0,0,0,1,0,0,0,0
2025-04-24T00:05:29.5610000,2025,April,4,24,4,Thursday,No,0,Before 6AM,0.5,0,0,0,0,1,0,0,0,0
2025-04-24T00:05:30.7160000,2025,April,4,24,4,Thursday,No,0,Before 6AM,0.5,0,0,0,0,1,0,0,0,0
2025-04-24T00:05:47.0060000,2025,April,4,24,4,Thursday,No,0,Before 6AM,0.5,0,0,0,0,1,0,0,0,0
2025-04-24T00:05:48.4930000,2025,April,4,24,4,Thursday,No,0,Before 6AM,0.5,0,0,0,0,1,0,0,0,0
2025-04-24T00:05:56.1870000,2025,April,4,24,4,Thursday,No,0,Before 6AM,0.5,0,0,0,0,1,0,0,0,0
2025-04-24T00:05:59.3460000,2025,April,4,24,4,Thursday,No,0,Before 6AM,0.5,0,0,0,0,1,0,0,0,0
2025-04-24T00:06:00.5360000,2025,April,4,24,4,Thursday,No,0,Before 6AM,0.6,0,0,0,0,1,0,0,0,0
2025-04-24T00:06:09.2570000,2025,April,4,24,4,Thursday,No,0,Before 6AM,0.6,0,0,0,0,1,0,0,0,0
2025-04-24T00:06:11.0450000,2025,April,4,24,4,Thursday,No,0,Before 6AM,0.6,0,0,0,0,1,0,0,0,0
2025-04-24T00:06:12.2780000,2025,April,4,24,4,Thursday,No,0,Before 6AM,0.6,0,0,0,0,1,0,0,0,0
2025-04-24T00:06:17.5920000,2025,April,4,24,4,Thursday,No,0,Before 6AM,0.6,0,0,0,0,1,0,0,0,0
2025-04-24T00:06:23.0430000,2025,April,4,24,4,Thursday,No,0,Before 6AM,0.6,0,0,0,0,1,0,0,0,0
2025-04-24T00:06:28.1470000,2025,April,4,24,4,Thursday,No,0,Before 6AM,0.6,0,0,0,0,1,0,0,0,0
2025-04-24T00:06:41.0580000,2025,April,4,24,4,Thursday,No,0,Before 6AM,0.6,0,0,0,0,1,0,0,0,0
2025-04-24T00:06:45.4130000,2025,April,4,24,4,Thursday,No,0,Before 6AM,0.6,0,0,0,0,1,0,0,0,0
2025-04-24T00:06:48.3760000,2025,April,4,24,4,Thursday,No,0,Before 6AM,0.6,0,0,0,0,1,0,0,0,0
2025-04-24T00:07:02.0980000,2025,April,4,24,4,Thursday,No,0,Before 6AM,0.7,0,0,0,0,1,0,0,0,0
2025-04-24T00:07:23.9860000,2025,April,4,24,4,Thursday,No,0,Before 6AM,0.7,0,0,0,0,1,0,0,0,0
2025-04-24T00:07:26.3220000,2025,April,4,24,4,Thursday,No,0,Before 6AM,0.7,0,0,0,0,1,0,0,0,0
2025-04-24T00:07:27.5370000,2025,April,4,24,4,Thursday,No,0,Before 6AM,0.7,0,0,0,0,1,0,0,0,0
2025-04-24T00:07:34.3560000,2025,April,4,24,4,Thursday,No,0,Before 6AM,0.7,0,0,0,0,1,0,0,0,0
2025-04-24T00:07:40.4270000,2025,April,4,24,4,Thursday,No,0,Before 6AM,0.7,0,0,0,0,1,0,0,0,0
2025-04-24T00:07:44.1220000,2025,April,4,24,4,Thursday,No,0,Before 6AM,0.7,0,0,0,0,1,0,0,0,0
2025-04-24T00:07:53.3940000,2025,April,4,24,4,Thursday,No,0,Before 6AM,0.7,0,0,0,0,1,0,0,0,0
2025-04-24T00:07:54.7390000,2025,April,4,24,4,Thursday,No,0,Before 6AM,0.7,0,0,0,0,1,0,0,0,0
2025-04-24T00:08:00.2280000,2025,April,4,24,4,Thursday,No,0,Before 6AM,0.8,0,0,0,0,1,0,0,0,0
2025-04-24T00:08:16.9570000,2025,April,4,24,4,Thursday,No,0,Before 6AM,0.8,0,0,0,0,1,0,0,0,0
2025-04-24T00:08:17.9910000,2025,April,4,24,4,Thursday,No,0,Before 6AM,0.8,0,0,0,0,1,0,0,0,0
2025-04-24T00:08:19.0690000,2025,April,4,24,4,Thursday,No,0,Before 6AM,0.8,0,0,0,0,1,0,0,0,0
2025-04-24T00:08:23.9100000,2025,April,4,24,4,Thursday,No,0,Before 6AM,0.8,0,0,0,0,1,0,0,0,0
2025-04-24T00:08:26.2680000,2025,April,4,24,4,Thursday,No,0,Before 6AM,0.8,0,0,0,0,1,0,0,0,0
2025-04-24T00:08:30.3510000,2025,April,4,24,4,Thursday,No,0,Before 6AM,0.8,0,0,0,0,1,0,0,0,0
2025-04-24T00:08:36.3620000,2025,April,4,24,4,Thursday,No,0,Before 6AM,0.8,0,0,0,0,1,0,0,0,0
2025-04-24T00:08:38.1740000,2025,April,4,24,4,Thursday,No,0,Before 6AM,0.8,0,0,0,0,1,0,0,0,0
2025-04-24T00:09:31.4330000,2025,April,4,24,4,Thursday,No,0,Before 6AM,0.9,0,0,0,0,1,0,0,0,0
2025-04-24T00:09:33.2390000,2025,April,4,24,4,Thursday,No,0,Before 6AM,0.9,0,0,0,0,1,0,0,0,0
2025-04-24T00:09:36.4930000,2025,April,4,24,4,Thursday,No,0,Before 6AM,0.9,0,0,0,0,1,0,0,0,0
2025-04-24T00:09:40.1060000,2025,April,4,24,4,Thursday,No,0,Before 6AM,0.9,0,0,0,0,1,0,0,0,0
2025-04-24T00:09:41.9900000,2025,April,4,24,4,Thursday,No,0,Before 6AM,0.9,0,0,0,0,1,0,0,0,0
2025-04-24T00:09:49.5060000,2025,April,4,24,4,Thursday,No,0,Before 6AM,0.9,0,0,0,0,1,0,0,0,0
2025-04-24T00:09:51.9060000,2025,April,4,24,4,Thursday,No,0,Before 6AM,0.9,0,0,0,0,1,0,0,0,0
2025-04-24T00:10:10.9820000,2025,April,4,24,4,Thursday,No,0,Before 6AM,0.1,0,0,0,0,1,0,0,0,0
2025-04-24T00:10:15.7330000,2025,April,4,24,4,Thursday,No,0,Before 6AM,0.1,0,0,0,0,1,0,0,0,0
2025-04-24T00:10:17.0950000,2025,April,4,24,4,Thursday,No,0,Before 6AM,0.1,0,0,0,0,1,0,0,0,0
2025-04-24T00:10:18.5050000,2025,April,4,24,4,Thursday,No,0,Before 6AM,0.1,0,0,0,0,1,0,0,0,0
2025-04-24T00:10:26.1150000,2025,April,4,24,4,Thursday,No,0,Before 6AM,0.1,0,0,0,0,1,0,0,0,0
2025-04-24T00:10:34.9740000,2025,April,4,24,4,Thursday,No,0,Before 6AM,0.1,0,0,0,0,1,0,0,0,0
2025-04-24T00:10:37.3540000,2025,April,4,24,4,Thursday,No,0,Before 6AM,0.1,0,0,0,0,1,0,0,0,0
2025-04-24T00:10:50.7200000,2025,April,4,24,4,Thursday,No,0,Before 6AM,0.1,0,0,0,0,1,0,0,0,0
2025-04-24T00:11:05.0180000,2025,April,4,24,4,Thursday,No,0,Before 6AM,0.11,0,0,0,0,1,0,0,0,0
2025-04-24T00:11:10.7750000,2025,April,4,24,4,Thursday,No,0,Before 6AM,0.11,0,0,0,0,1,0,0,0,0
2025-04-24T00:11:13.2570000,2025,April,4,24,4,Thursday,No,0,Before 6AM,0.11,0,0,0,0,1,0,0,0,0
2025-04-24T00:13:17.0370000,2025,April,4,24,4,Thursday,No,0,Before 6AM,0.13,0,0,0,0,1,0,0,0,0
2025-04-24T00:13:42.7740000,2025,April,4,24,4,Thursday,No,0,Before 6AM,0.13,0,0,0,0,1,0,0,0,0
2025-04-24T00:14:29.9750000,2025,April,4,24,4,Thursday,No,0,Before 6AM,0.14,0,0,0,0,1,0,0,0,0
2025-04-24T00:14:32.6560000,2025,April,4,24,4,Thursday,No,0,Before 6AM,0.14,0,0,0,0,1,0,0,0,0
2025-04-24T00:14:33.9020000,2025,April,4,24,4,Thursday,No,0,Before 6AM,0.14,0,0,0,0,1,0,0,0,0
2025-04-24T00:14:39.1850000,2025,April,4,24,4,Thursday,No,0,Before 6AM,0.14,0,0,0,0,1,0,0,0,0
2025-04-24T00:14:41.7330000,2025,April,4,24,4,Thursday,No,0,Before 6AM,0.14,0,0,0,0,1,0,0,0,0
2025-04-24T00:15:01.5630000,2025,April,4,24,4,Thursday,No,0,Before 6AM,0.15,0,0,0,0,1,0,0,0,0
2025-04-24T00:15:44.8520000,2025,April,4,24,4,Thursday,No,0,Before 6AM,0.15,0,0,0,0,1,0,0,0,0
2025-04-24T00:15:46.5330000,2025,April,4,24,4,Thursday,No,0,Before 6AM,0.15,0,0,0,0,1,0,0,0,0
2025-04-24T00:15:47.5880000,2025,April,4,24,4,Thursday,No,0,Before 6AM,0.15,0,0,0,0,1,0,0,0,0
2025-04-24T00:15:50.7580000,2025,April,4,24,4,Thursday,No,0,Before 6AM,0.15,0,0,0,0,1,0,0,0,0
2025-04-24T00:15:54.2230000,2025,April,4,24,4,Thursday,No,0,Before 6AM,0.15,0,0,0,0,1,0,0,0,0
2025-04-24T00:15:57.3880000,2025,April,4,24,4,Thursday,No,0,Before 6AM,0.15,0,0,0,0,1,0,0,0,0
2025-04-24T00:19:09.5490000,2025,April,4,24,4,Thursday,No,0,Before 6AM,0.19,0,0,0,0,1,0,0,0,0
2025-04-24T00:19:10.8260000,2025,April,4,24,4,Thursday,No,0,Before 6AM,0.19,0,0,0,0,1,0,0,0,0
2025-04-24T00:19:12.7000000,2025,April,4,24,4,Thursday,No,0,Before 6AM,0.19,0,0,0,0,1,0,0,0,0
2025-04-24T00:23:45.2650000,2025,April,4,24,4,Thursday,No,0,Before 6AM,0.23,0,0,0,0,1,0,0,0,0
2025-04-24T09:48:45.7790000,2025,April,4,24,4,Thursday,No,9,Between 6AM and 12PM,9.48,0,0,0,0,2,0,0,0,0
2025-04-24T09:48:59.5400000,2025,April,4,24,4,Thursday,No,9,Between 6AM and 12PM,9.48,0,0,0,0,1,0,0,0,0
2025-04-24T09:49:07.9800000,2025,April,4,24,4,Thursday,No,9,Between 6AM and 12PM,9.49,0,0,0,0,6,0,0,0,0
2025-04-24T09:49:16.2420000,2025,April,4,24,4,Thursday,No,9,Between 6AM and 12PM,9.49,0,0,0,0,2,0,0,0,0
2025-04-24T09:49:29.2030000,2025,April,4,24,4,Thursday,No,9,Between 6AM and 12PM,9.49,0,0,0,0,1,0,0,0,0
2025-04-24T09:49:33.5560000,2025,April,4,24,4,Thursday,No,9,Between 6AM and 12PM,9.49,0,0,0,0,3,0,0,0,0
2025-04-24T09:49:35.2730000,2025,April,4,24,4,Thursday,No,9,Between 6AM and 12PM,9.49,0,0,0,0,3,0,0,0,0
2025-04-24T09:50:12.6390000,2025,April,4,24,4,Thursday,No,9,Between 6AM and 12PM,9.5,0,0,0,0,1,0,0,0,0
2025-04-24T09:50:14.1880000,2025,April,4,24,4,Thursday,No,9,Between 6AM and 12PM,9.5,0,0,0,0,1,0,0,0,0
2025-04-24T09:50:23.0150000,2025,April,4,24,4,Thursday,No,9,Between 6AM and 12PM,9.5,0,0,0,0,1,0,0,0,0
2025-04-24T09:50:34.7350000,2025,April,4,24,4,Thursday,No,9,Between 6AM and 12PM,9.5,0,0,0,0,1,0,0,0,0
2025-04-24T09:50:39.8050000,2025,April,4,24,4,Thursday,No,9,Between 6AM and 12PM,9.5,0,0,0,0,1,0,0,0,0
2025-04-24T09:50:43.6950000,2025,April,4,24,4,Thursday,No,9,Between 6AM and 12PM,9.5,0,0,0,0,1,0,0,0,0
2025-04-24T09:50:46.1700000,2025,April,4,24,4,Thursday,No,9,Between 6AM and 12PM,9.5,0,0,0,0,1,0,0,0,0
2025-04-24T09:50:59.4270000,2025,April,4,24,4,Thursday,No,9,Between 6AM and 12PM,9.5,0,0,0,0,1,0,0,0,0
2025-04-24T09:51:21.1580000,2025,April,4,24,4,Thursday,No,9,Between 6AM and 12PM,9.51,0,0,0,0,1,0,0,0,0
2025-04-24T09:52:06.6120000,2025,April,4,24,4,Thursday,No,9,Between 6AM and 12PM,9.52,0,0,0,0,1,0,0,0,0
2025-04-24T09:53:38.3090000,2025,April,4,24,4,Thursday,No,9,Between 6AM and 12PM,9.53,0,0,0,0,2,0,0,0,0
2025-04-24T09:53:50.7370000,2025,April,4,24,4,Thursday,No,9,Between 6AM and 12PM,9.53,0,0,0,0,1,0,0,0,0
2025-04-24T09:53:53.7280000,2025,April,4,24,4,Thursday,No,9,Between 6AM and 12PM,9.53,0,0,0,0,1,0,0,0,0
2025-04-24T09:54:16.2960000,2025,April,4,24,4,Thursday,No,9,Between 6AM and 12PM,9.54,0,0,0,0,1,0,0,0,0
2025-04-24T09:54:17.7030000,2025,April,4,24,4,Thursday,No,9,Between 6AM and 12PM,9.54,0,0,0,0,1,0,0,0,0
2025-04-24T09:54:29.7770000,2025,April,4,24,4,Thursday,No,9,Between 6AM and 12PM,9.54,0,0,0,0,1,0,0,0,0
2025-04-24T09:54:33.4810000,2025,April,4,24,4,Thursday,No,9,Between 6AM and 12PM,9.54,0,0,0,0,1,0,0,0,0
2025-04-24T09:54:34.3800000,2025,April,4,24,4,Thursday,No,9,Between 6AM and 12PM,9.54,0,0,0,0,1,0,0,0,0
2025-04-24T09:54:36.6930000,2025,April,4,24,4,Thursday,No,9,Between 6AM and 12PM,9.54,0,0,0,0,1,0,0,0,0
2025-04-24T09:54:57.0580000,2025,April,4,24,4,Thursday,No,9,Between 6AM and 12PM,9.54,0,0,0,0,1,0,0,0,0
2025-04-24T09:55:08.8020000,2025,April,4,24,4,Thursday,No,9,Between 6AM and 12PM,9.55,0,0,0,0,1,0,0,0,0
2025-04-24T09:55:14.7260000,2025,April,4,24,4,Thursday,No,9,Between 6AM and 12PM,9.55,0,0,0,0,1,0,0,0,0
2025-04-24T09:55:18.6450000,2025,April,4,24,4,Thursday,No,9,Between 6AM and 12PM,9.55,0,0,0,0,1,0,0,0,0
2025-04-24T09:55:19.7320000,2025,April,4,24,4,Thursday,No,9,Between 6AM and 12PM,9.55,0,0,0,0,1,0,0,0,0
2025-04-24T09:55:20.7650000,2025,April,4,24,4,Thursday,No,9,Between 6AM and 12PM,9.55,0,0,0,0,1,0,0,0,0
2025-04-24T09:55:29.7340000,2025,April,4,24,4,Thursday,No,9,Between 6AM and 12PM,9.55,0,0,0,0,1,0,0,0,0
2025-04-24T09:56:07.1340000,2025,April,4,24,4,Thursday,No,9,Between 6AM and 12PM,9.56,0,0,0,0,1,0,0,0,0
2025-04-24T09:56:08.1830000,2025,April,4,24,4,Thursday,No,9,Between 6AM and 12PM,9.56,0,0,0,0,1,0,0,0,0
2025-04-24T09:56:12.2090000,2025,April,4,24,4,Thursday,No,9,Between 6AM and 12PM,9.56,0,0,0,0,1,0,0,0,0
2025-04-24T09:56:14.2970000,2025,April,4,24,4,Thursday,No,9,Between 6AM and 12PM,9.56,0,0,0,0,1,0,0,0,0
2025-04-24T09:56:17.4440000,2025,April,4,24,4,Thursday,No,9,Between 6AM and 12PM,9.56,0,0,0,0,1,0,0,0,0
2025-04-24T09:56:20.4500000,2025,April,4,24,4,Thursday,No,9,Between 6AM and 12PM,9.56,0,0,0,0,1,0,0,0,0
2025-04-24T09:56:24.0670000,2025,April,4,24,4,Thursday,No,9,Between 6AM and 12PM,9.56,0,0,0,0,1,0,0,0,0
2025-04-24T09:56:27.0660000,2025,April,4,24,4,Thursday,No,9,Between 6AM and 12PM,9.56,0,0,0,0,1,0,0,0,0
2025-04-24T09:56:28.7900000,2025,April,4,24,4,Thursday,No,9,Between 6AM and 12PM,9.56,0,0,0,0,1,0,0,0,0
2025-04-24T09:56:32.2210000,2025,April,4,24,4,Thursday,No,9,Between 6AM and 12PM,9.56,0,0,0,0,1,0,0,0,0
2025-04-24T09:56:35.8830000,2025,April,4,24,4,Thursday,No,9,Between 6AM and 12PM,9.56,0,0,0,0,1,0,0,0,0
2025-04-24T09:56:39.6890000,2025,April,4,24,4,Thursday,No,9,Between 6AM and 12PM,9.56,0,0,0,0,1,0,0,0,0
2025-04-24T11:16:35.4970000,2025,April,4,24,4,Thursday,No,11,Between 6AM and 12PM,11.16,0,0,0,0,2,0,0,0,0
2025-04-24T16:48:34.8990000,2025,April,4,24,4,Thursday,No,16,Between 12PM and 6PM,16.48,0,0,0,0,3,0,0,0,0
2025-04-24T17:20:04.8290000,2025,April,4,24,4,Thursday,No,17,Between 12PM and 6PM,17.2,0,0,0,0,2,0,0,0,0
2025-04-24T17:20:37.5550000,2025,April,4,24,4,Thursday,No,17,Between 12PM and 6PM,17.2,0,0,0,0,3,0,0,0,0
2025-04-24T17:20:38.0970000,2025,April,4,24,4,Thursday,No,17,Between 12PM and 6PM,17.2,0,0,0,0,1,0,0,0,0
2025-04-24T17:20:38.7800000,2025,April,4,24,4,Thursday,No,17,Between 12PM and 6PM,17.2,0,0,0,0,4,0,0,0,0
2025-04-24T17:25:27.8370000,2025,April,4,24,4,Thursday,No,17,Between 12PM and 6PM,17.25,0,0,0,0,4,0,0,0,0
2025-04-24T17:28:25.1050000,2025,April,4,24,4,Thursday,No,17,Between 12PM and 6PM,17.28,0,0,0,0,2,0,0,0,0
2025-04-24T17:28:28.2480000,2025,April,4,24,4,Thursday,No,17,Between 12PM and 6PM,17.28,0,0,0,0,1,0,0,0,0
2025-04-24T17:28:29.3300000,2025,April,4,24,4,Thursday,No,17,Between 12PM and 6PM,17.28,0,0,0,0,2,0,0,0,0
2025-04-24T17:28:32.2050000,2025,April,4,24,4,Thursday,No,17,Between 12PM and 6PM,17.28,0,0,0,0,1,0,0,0,0
2025-04-24T17:28:34.4070000,2025,April,4,24,4,Thursday,No,17,Between 12PM and 6PM,17.28,0,0,0,0,2,0,0,0,0
2025-04-24T17:29:44.1660000,2025,April,4,24,4,Thursday,No,17,Between 12PM and 6PM,17.29,0,0,0,0,1,0,0,0,0
2025-04-24T17:30:17.9130000,2025,April,4,24,4,Thursday,No,17,Between 12PM and 6PM,17.3,0,0,0,0,2,0,0,0,0
2025-04-24T17:30:18.6900000,2025,April,4,24,4,Thursday,No,17,Between 12PM and 6PM,17.3,0,0,0,0,2,0,0,0,0
2025-04-24T17:30:24.0550000,2025,April,4,24,4,Thursday,No,17,Between 12PM and 6PM,17.3,0,0,0,0,2,0,0,0,0
2025-04-24T17:30:26.0910000,2025,April,4,24,4,Thursday,No,17,Between 12PM and 6PM,17.3,0,0,0,0,2,0,0,0,0
2025-04-24T17:30:28.2180000,2025,April,4,24,4,Thursday,No,17,Between 12PM and 6PM,17.3,0,0,0,0,2,0,0,0,0
2025-04-24T17:30:34.4230000,2025,April,4,24,4,Thursday,No,17,Between 12PM and 6PM,17.3,0,0,0,0,2,0,0,0,0
2025-04-24T17:53:49.9220000,2025,April,4,24,4,Thursday,No,17,Between 12PM and 6PM,17.53,0,0,0,0,2,0,0,0,0
2025-04-24T17:53:53.5050000,2025,April,4,24,4,Thursday,No,17,Between 12PM and 6PM,17.53,0,0,0,0,2,0,0,0,0
2025-04-24T17:53:56.4730000,2025,April,4,24,4,Thursday,No,17,Between 12PM and 6PM,17.53,0,0,0,0,2,0,0,0,0
2025-04-24T18:26:39.7810000,2025,April,4,24,4,Thursday,No,18,After 6PM,18.26,0,0,0,0,2,0,0,0,0
2025-04-24T18:27:09.0640000,2025,April,4,24,4,Thursday,No,18,After 6PM,18.27,0,0,0,0,2,0,0,0,0
2025-04-24T18:29:52.9020000,2025,April,4,24,4,Thursday,No,18,After 6PM,18.29,0,0,0,0,2,0,0,0,0
2025-04-24T18:30:02.4160000,2025,April,4,24,4,Thursday,No,18,After 6PM,18.3,0,0,0,0,2,0,0,0,0
2025-04-24T18:30:12.1710000,2025,April,4,24,4,Thursday,No,18,After 6PM,18.3,0,0,0,0,2,0,0,0,0
2025-04-24T18:38:37.7250000,2025,April,4,24,4,Thursday,No,18,After 6PM,18.38,0,0,0,0,3,0,0,0,0
2025-04-24T18:38:44.1610000,2025,April,4,24,4,Thursday,No,18,After 6PM,18.38,0,0,0,0,6,0,0,0,0
2025-04-24T18:39:39.1390000,2025,April,4,24,4,Thursday,No,18,After 6PM,18.39,0,0,0,0,3,0,0,0,0
2025-04-24T18:39:53.2090000,2025,April,4,24,4,Thursday,No,18,After 6PM,18.39,0,0,0,0,3,0,0,0,0
2025-04-24T18:39:57.7040000,2025,April,4,24,4,Thursday,No,18,After 6PM,18.39,0,0,0,0,2,0,0,0,0
2025-04-24T18:40:03.0480000,2025,April,4,24,4,Thursday,No,18,After 6PM,18.4,0,0,0,0,3,0,0,0,0
2025-04-24T18:40:55.4130000,2025,April,4,24,4,Thursday,No,18,After 6PM,18.4,0,0,0,0,3,0,0,0,0
2025-04-24T18:41:01.9830000,2025,April,4,24,4,Thursday,No,18,After 6PM,18.41,0,0,0,0,3,0,0,0,0
2025-04-24T18:41:30.5450000,2025,April,4,24,4,Thursday,No,18,After 6PM,18.41,0,0,0,0,2,0,0,0,0
2025-04-24T18:41:31.8070000,2025,April,4,24,4,Thursday,No,18,After 6PM,18.41,0,0,0,0,2,0,0,0,0
2025-04-24T18:41:32.7010000,2025,April,4,24,4,Thursday,No,18,After 6PM,18.41,0,0,0,0,2,0,0,0,0
2025-04-24T18:42:11.8910000,2025,April,4,24,4,Thursday,No,18,After 6PM,18.42,0,0,0,0,1,0,0,0,0
2025-04-24T18:42:15.7000000,2025,April,4,24,4,Thursday,No,18,After 6PM,18.42,0,0,0,0,2,0,0,0,0
2025-04-24T19:03:19.7580000,2025,April,4,24,4,Thursday,No,19,After 6PM,19.3,0,0,0,0,2,0,0,0,0
2025-04-24T19:09:12.7870000,2025,April,4,24,4,Thursday,No,19,After 6PM,19.9,0,0,0,0,1,0,0,0,0
2025-04-24T19:09:13.8940000,2025,April,4,24,4,Thursday,No,19,After 6PM,19.9,0,0,0,0,2,0,0,0,0
2025-04-24T19:10:30.9310000,2025,April,4,24,4,Thursday,No,19,After 6PM,19.1,0,0,0,0,2,0,0,0,0
2025-04-24T19:10:42.8160000,2025,April,4,24,4,Thursday,No,19,After 6PM,19.1,0,0,0,0,2,0,0,0,0
2025-04-24T19:10:43.6100000,2025,April,4,24,4,Thursday,No,19,After 6PM,19.1,0,0,0,0,2,0,0,0,0
2025-04-24T19:10:47.7580000,2025,April,4,24,4,Thursday,No,19,After 6PM,19.1,0,0,0,0,3,0,0,0,0
2025-04-24T19:10:49.2420000,2025,April,4,24,4,Thursday,No,19,After 6PM,19.1,0,0,0,0,2,0,0,0,0
2025-04-24T19:12:13.3070000,2025,April,4,24,4,Thursday,No,19,After 6PM,19.12,0,0,0,0,2,0,0,0,0
2025-04-24T19:12:31.0720000,2025,April,4,24,4,Thursday,No,19,After 6PM,19.12,0,0,0,0,2,0,0,0,0
2025-04-24T19:12:52.4570000,2025,April,4,24,4,Thursday,No,19,After 6PM,19.12,0,0,0,0,2,0,0,0,0
2025-04-24T19:12:57.7320000,2025,April,4,24,4,Thursday,No,19,After 6PM,19.12,0,0,0,0,2,0,0,0,0
2025-04-24T19:13:00.5600000,2025,April,4,24,4,Thursday,No,19,After 6PM,19.13,0,0,0,0,2,0,0,0,0
2025-04-24T19:13:00.9560000,2025,April,4,24,4,Thursday,No,19,After 6PM,19.13,0,0,0,0,2,0,0,0,0
2025-04-24T19:13:02.3130000,2025,April,4,24,4,Thursday,No,19,After 6PM,19.13,0,0,0,0,2,0,0,0,0
2025-04-24T19:13:03.3180000,2025,April,4,24,4,Thursday,No,19,After 6PM,19.13,0,0,0,0,2,0,0,0,0
2025-04-24T19:13:04.7880000,2025,April,4,24,4,Thursday,No,19,After 6PM,19.13,0,0,0,0,1,0,0,0,0
2025-04-24T19:13:06.3660000,2025,April,4,24,4,Thursday,No,19,After 6PM,19.13,0,0,0,0,2,0,0,0,0
2025-04-24T19:13:07.8580000,2025,April,4,24,4,Thursday,No,19,After 6PM,19.13,0,0,0,0,2,0,0,0,0
2025-04-24T19:13:29.1110000,2025,April,4,24,4,Thursday,No,19,After 6PM,19.13,0,0,0,0,2,0,0,0,0
2025-04-24T19:14:00.3490000,2025,April,4,24,4,Thursday,No,19,After 6PM,19.14,0,0,0,0,2,0,0,0,0
2025-04-24T19:14:12.6030000,2025,April,4,24,4,Thursday,No,19,After 6PM,19.14,0,0,0,0,1,0,0,0,0
2025-04-24T19:14:15.6340000,2025,April,4,24,4,Thursday,No,19,After 6PM,19.14,0,0,0,0,2,0,0,0,0
2025-04-24T19:14:46.4930000,2025,April,4,24,4,Thursday,No,19,After 6PM,19.14,0,0,0,0,2,0,0,0,0
2025-04-24T19:15:14.6820000,2025,April,4,24,4,Thursday,No,19,After 6PM,19.15,0,0,0,0,1,0,0,0,0
2025-04-24T19:15:20.5900000,2025,April,4,24,4,Thursday,No,19,After 6PM,19.15,0,0,0,0,2,0,0,0,0
2025-04-24T19:15:44.7400000,2025,April,4,24,4,Thursday,No,19,After 6PM,19.15,0,0,0,0,2,0,0,0,0
2025-04-24T19:15:52.7900000,2025,April,4,24,4,Thursday,No,19,After 6PM,19.15,0,0,0,0,1,0,0,0,0
2025-04-24T19:16:33.3030000,2025,April,4,24,4,Thursday,No,19,After 6PM,19.16,0,0,0,0,1,0,0,0,0
2025-04-24T19:16:34.8790000,2025,April,4,24,4,Thursday,No,19,After 6PM,19.16,0,0,0,0,1,0,0,0,0
2025-04-24T19:16:36.7850000,2025,April,4,24,4,Thursday,No,19,After 6PM,19.16,0,0,0,0,1,0,0,0,0
2025-04-24T19:16:38.3290000,2025,April,4,24,4,Thursday,No,19,After 6PM,19.16,0,0,0,0,2,0,0,0,0
2025-04-24T19:17:34.5670000,2025,April,4,24,4,Thursday,No,19,After 6PM,19.17,0,0,0,0,2,0,0,0,0
2025-04-24T19:20:22.5830000,2025,April,4,24,4,Thursday,No,19,After 6PM,19.2,0,0,0,0,2,0,0,0,0
2025-04-24T19:22:11.3160000,2025,April,4,24,4,Thursday,No,19,After 6PM,19.22,0,0,0,0,3,0,0,0,0
2025-04-24T19:24:22.4740000,2025,April,4,24,4,Thursday,No,19,After 6PM,19.24,0,0,0,0,2,0,0,0,0
2025-04-24T19:24:23.8920000,2025,April,4,24,4,Thursday,No,19,After 6PM,19.24,0,0,0,0,2,0,0,0,0
2025-04-24T19:24:24.9510000,2025,April,4,24,4,Thursday,No,19,After 6PM,19.24,0,0,0,0,2,0,0,0,0
2025-04-24T19:24:26.1330000,2025,April,4,24,4,Thursday,No,19,After 6PM,19.24,0,0,0,0,2,0,0,0,0
2025-04-24T19:24:27.6670000,2025,April,4,24,4,Thursday,No,19,After 6PM,19.24,0,0,0,0,2,0,0,0,0
2025-04-24T19:24:27.8090000,2025,April,4,24,4,Thursday,No,19,After 6PM,19.24,0,0,0,0,2,0,0,0,0
2025-04-24T19:29:12.3220000,2025,April,4,24,4,Thursday,No,19,After 6PM,19.29,0,0,0,0,3,0,0,0,0
2025-04-24T19:29:22.8800000,2025,April,4,24,4,Thursday,No,19,After 6PM,19.29,0,0,0,0,3,0,0,0,0
2025-04-24T19:31:17.6520000,2025,April,4,24,4,Thursday,No,19,After 6PM,19.31,0,0,0,0,3,0,0,0,0
2025-04-24T19:43:30.9820000,2025,April,4,24,4,Thursday,No,19,After 6PM,19.43,0,0,0,0,2,0,0,0,0
2025-04-24T19:43:32.6470000,2025,April,4,24,4,Thursday,No,19,After 6PM,19.43,0,0,0,0,2,0,0,0,0
2025-04-24T19:43:46.5810000,2025,April,4,24,4,Thursday,No,19,After 6PM,19.43,0,0,0,0,4,0,0,0,0
2025-04-24T19:43:54.0570000,2025,April,4,24,4,Thursday,No,19,After 6PM,19.43,0,0,0,0,1,0,0,0,0
2025-04-24T19:43:56.8170000,2025,April,4,24,4,Thursday,No,19,After 6PM,19.43,0,0,0,0,3,0,0,0,0
2025-04-24T19:43:59.7280000,2025,April,4,24,4,Thursday,No,19,After 6PM,19.43,0,0,0,0,2,0,0,0,0
2025-04-24T19:44:00.3380000,2025,April,4,24,4,Thursday,No,19,After 6PM,19.44,0,0,0,0,2,0,0,0,0
2025-04-24T21:53:29.8410000,2025,April,4,24,4,Thursday,No,21,After 6PM,21.53,0,0,0,0,2,0,0,0,0
2025-04-24T21:57:50.8860000,2025,April,4,24,4,Thursday,No,21,After 6PM,21.57,0,0,0,0,2,0,0,0,0
2025-04-24T21:57:51.6180000,2025,April,4,24,4,Thursday,No,21,After 6PM,21.57,0,0,0,0,3,0,0,0,0
2025-04-24T21:57:55.6250000,2025,April,4,24,4,Thursday,No,21,After 6PM,21.57,0,0,0,0,2,0,0,0,0
2025-04-24T21:58:17.0900000,2025,April,4,24,4,Thursday,No,21,After 6PM,21.58,0,0,0,0,2,0,0,0,0
2025-04-24T21:58:57.6990000,2025,April,4,24,4,Thursday,No,21,After 6PM,21.58,0,0,0,0,1,0,0,0,0
2025-04-24T21:59:34.7180000,2025,April,4,24,4,Thursday,No,21,After 6PM,21.59,0,0,0,0,4,0,0,0,0
2025-04-24T21:59:40.0330000,2025,April,4,24,4,Thursday,No,21,After 6PM,21.59,0,0,0,0,1,0,0,0,0
2025-04-24T22:03:53.3260000,2025,April,4,24,4,Thursday,No,22,After 6PM,22.3,0,0,0,0,2,0,0,0,0
2025-04-24T22:03:59.9980000,2025,April,4,24,4,Thursday,No,22,After 6PM,22.3,0,0,0,0,2,0,0,0,0
2025-04-24T22:05:37.0850000,2025,April,4,24,4,Thursday,No,22,After 6PM,22.5,0,0,0,0,2,0,0,0,0
2025-04-24T22:05:37.0950000,2025,April,4,24,4,Thursday,No,22,After 6PM,22.5,0,0,0,0,1,0,0,0,0
2025-04-24T22:07:31.5710000,2025,April,4,24,4,Thursday,No,22,After 6PM,22.7,0,0,0,0,1,0,0,0,0
2025-04-24T22:08:32.8910000,2025,April,4,24,4,Thursday,No,22,After 6PM,22.8,0,0,0,0,1,0,0,0,0
2025-04-24T22:09:58.1160000,2025,April,4,24,4,Thursday,No,22,After 6PM,22.9,0,0,0,0,1,0,0,0,0
2025-04-24T22:10:13.1720000,2025,April,4,24,4,Thursday,No,22,After 6PM,22.1,0,0,0,0,1,0,0,0,0
2025-04-24T22:10:13.3870000,2025,April,4,24,4,Thursday,No,22,After 6PM,22.1,0,0,0,0,1,0,0,0,0
2025-04-24T22:10:16.4150000,2025,April,4,24,4,Thursday,No,22,After 6PM,22.1,0,0,0,0,1,0,0,0,0
2025-04-24T22:11:38.8570000,2025,April,4,24,4,Thursday,No,22,After 6PM,22.11,0,0,0,0,1,0,0,0,0
2025-04-24T22:12:56.4460000,2025,April,4,24,4,Thursday,No,22,After 6PM,22.12,0,0,0,0,1,0,0,0,0
2025-04-24T22:12:56.5930000,2025,April,4,24,4,Thursday,No,22,After 6PM,22.12,0,0,0,0,1,0,0,0,0
2025-04-24T22:13:06.4610000,2025,April,4,24,4,Thursday,No,22,After 6PM,22.13,0,0,0,0,1,0,0,0,0
2025-04-24T22:13:12.7190000,2025,April,4,24,4,Thursday,No,22,After 6PM,22.13,0,0,0,0,1,0,0,0,0
2025-04-24T22:48:40.9160000,2025,April,4,24,4,Thursday,No,22,After 6PM,22.48,0,0,0,0,1,0,0,0,0
2025-04-24T22:48:41.5170000,2025,April,4,24,4,Thursday,No,22,After 6PM,22.48,0,0,0,0,2,0,0,0,0
2025-04-24T23:04:51.5310000,2025,April,4,24,4,Thursday,No,23,After 6PM,23.4,0,0,0,0,1,0,0,0,0
2025-04-24T23:05:09.5820000,2025,April,4,24,4,Thursday,No,23,After 6PM,23.5,0,0,0,0,3,0,0,0,0
2025-04-24T23:05:11.8590000,2025,April,4,24,4,Thursday,No,23,After 6PM,23.5,0,0,0,0,1,0,0,0,0
2025-04-24T23:05:15.2190000,2025,April,4,24,4,Thursday,No,23,After 6PM,23.5,0,0,0,0,2,0,0,0,0
2025-04-24T23:05:16.5950000,2025,April,4,24,4,Thursday,No,23,After 6PM,23.5,0,0,0,0,2,0,0,0,0
2025-04-24T23:05:19.0930000,2025,April,4,24,4,Thursday,No,23,After 6PM,23.5,0,0,0,0,2,0,0,0,0
2025-04-24T23:05:38.9490000,2025,April,4,24,4,Thursday,No,23,After 6PM,23.5,0,0,0,0,1,0,0,0,0
2025-04-24T23:19:58.7970000,2025,April,4,24,4,Thursday,No,23,After 6PM,23.19,0,0,0,0,2,0,0,0,0
2025-04-24T23:20:03.9490000,2025,April,4,24,4,Thursday,No,23,After 6PM,23.2,0,0,0,0,1,0,0,0,0
2025-04-24T23:25:13.9690000,2025,April,4,24,4,Thursday,No,23,After 6PM,23.25,0,0,0,0,1,0,0,0,0
2025-04-24T23:25:14.7360000,2025,April,4,24,4,Thursday,No,23,After 6PM,23.25,0,0,0,0,1,0,0,0,0
2025-04-24T23:25:15.5410000,2025,April,4,24,4,Thursday,No,23,After 6PM,23.25,0,0,0,0,1,0,0,0,0
2025-04-24T23:29:42.4890000,2025,April,4,24,4,Thursday,No,23,After 6PM,23.29,0,0,0,0,2,0,0,0,0
2025-04-24T23:56:13.9660000,2025,April,4,24,4,Thursday,No,23,After 6PM,23.56,0,0,1,0,1,0,1,0,0
2025-04-24T23:56:14.5880000,2025,April,4,24,4,Thursday,No,23,After 6PM,23.56,0,0,0,0,1,0,0,0,0
2025-04-25T00:04:52.5190000,2025,April,4,25,5,Friday,No,0,Before 6AM,0.4,0,0,0,0,2,0,0,0,0
2025-04-25T00:06:49.0410000,2025,April,4,25,5,Friday,No,0,Before 6AM,0.6,0,0,0,0,2,0,0,0,0
2025-04-25T00:07:23.1010000,2025,April,4,25,5,Friday,No,0,Before 6AM,0.7,0,0,0,0,1,0,0,0,0
2025-04-25T00:14:51.8100000,2025,April,4,25,5,Friday,No,0,Before 6AM,0.14,0,0,0,0,2,0,0,0,0
2025-04-25T00:38:55.1980000,2025,April,4,25,5,Friday,No,0,Before 6AM,0.38,0,0,0,0,2,0,0,0,0
2025-04-25T00:59:28.8610000,2025,April,4,25,5,Friday,No,0,Before 6AM,0.59,0,0,0,0,3,0,0,0,0
2025-04-25T00:59:37.8570000,2025,April,4,25,5,Friday,No,0,Before 6AM,0.59,0,0,0,0,2,0,0,0,0
2025-04-25T01:01:29.9820000,2025,April,4,25,5,Friday,No,1,Before 6AM,1.1,0,0,0,0,2,0,0,0,0
2025-04-25T01:01:35.1510000,2025,April,4,25,5,Friday,No,1,Before 6AM,1.1,0,0,0,0,2,0,0,0,0
2025-04-25T01:01:54.6610000,2025,April,4,25,5,Friday,No,1,Before 6AM,1.1,0,0,0,0,2,0,0,0,0
2025-04-25T01:01:58.3440000,2025,April,4,25,5,Friday,No,1,Before 6AM,1.1,0,0,0,0,2,0,0,0,0
2025-04-25T01:02:36.0090000,2025,April,4,25,5,Friday,No,1,Before 6AM,1.2,0,0,0,0,2,0,0,0,0
2025-04-25T01:10:37.2360000,2025,April,4,25,5,Friday,No,1,Before 6AM,1.1,0,0,0,0,1,0,0,0,0
2025-04-25T01:10:48.8930000,2025,April,4,25,5,Friday,No,1,Before 6AM,1.1,0,0,0,0,3,0,0,0,0
2025-04-25T01:10:59.0860000,2025,April,4,25,5,Friday,No,1,Before 6AM,1.1,0,0,0,0,2,0,0,0,0
2025-04-25T01:11:06.0650000,2025,April,4,25,5,Friday,No,1,Before 6AM,1.11,0,0,0,0,2,0,0,0,0
2025-04-25T01:17:02.4140000,2025,April,4,25,5,Friday,No,1,Before 6AM,1.17,0,0,0,0,2,0,0,0,0
2025-04-25T01:17:09.6190000,2025,April,4,25,5,Friday,No,1,Before 6AM,1.17,0,0,0,0,2,0,0,0,0
2025-04-25T01:45:50.8500000,2025,April,4,25,5,Friday,No,1,Before 6AM,1.45,0,0,0,0,4,0,0,0,0
2025-04-25T02:02:38.9580000,2025,April,4,25,5,Friday,No,2,Before 6AM,2.2,0,0,0,0,1,0,0,0,0
2025-04-25T02:02:39.4290000,2025,April,4,25,5,Friday,No,2,Before 6AM,2.2,0,0,0,0,2,0,0,0,0
2025-04-25T02:02:41.9090000,2025,April,4,25,5,Friday,No,2,Before 6AM,2.2,0,0,0,0,2,0,0,0,0
2025-04-25T03:02:44.9070000,2025,April,4,25,5,Friday,No,3,Before 6AM,3.2,0,0,2,0,2,0,1,0,0
2025-04-25T03:02:45.7970000,2025,April,4,25,5,Friday,No,3,Before 6AM,3.2,0,0,0,0,2,0,0,0,0
2025-04-25T03:02:47.2380000,2025,April,4,25,5,Friday,No,3,Before 6AM,3.2,0,0,0,0,1,0,0,0,0
2025-04-25T03:02:47.7860000,2025,April,4,25,5,Friday,No,3,Before 6AM,3.2,0,0,0,0,1,0,0,0,0
2025-04-25T03:02:48.0980000,2025,April,4,25,5,Friday,No,3,Before 6AM,3.2,0,0,0,0,1,0,0,0,0
2025-04-25T11:10:54.8520000,2025,April,4,25,5,Friday,No,11,Between 6AM and 12PM,11.1,0,0,0,0,2,0,0,0,0
2025-04-25T11:10:55.8610000,2025,April,4,25,5,Friday,No,11,Between 6AM and 12PM,11.1,0,0,0,0,2,0,0,0,0
2025-04-25T11:10:56.7570000,2025,April,4,25,5,Friday,No,11,Between 6AM and 12PM,11.1,0,0,0,0,2,0,0,0,0
2025-04-25T11:10:58.3570000,2025,April,4,25,5,Friday,No,11,Between 6AM and 12PM,11.1,0,0,0,0,2,0,0,0,0
2025-04-25T11:11:01.3370000,2025,April,4,25,5,Friday,No,11,Between 6AM and 12PM,11.11,0,0,0,0,3,0,0,0,0
2025-04-25T11:11:22.5930000,2025,April,4,25,5,Friday,No,11,Between 6AM and 12PM,11.11,0,0,0,0,2,0,0,0,0
2025-04-25T11:11:39.8930000,2025,April,4,25,5,Friday,No,11,Between 6AM and 12PM,11.11,0,0,0,0,4,0,0,0,0
2025-04-25T11:11:59.8550000,2025,April,4,25,5,Friday,No,11,Between 6AM and 12PM,11.11,0,0,0,0,1,0,0,0,0
2025-04-25T11:12:05.0880000,2025,April,4,25,5,Friday,No,11,Between 6AM and 12PM,11.12,0,0,0,0,1,0,0,0,0
2025-04-25T11:12:13.4760000,2025,April,4,25,5,Friday,No,11,Between 6AM and 12PM,11.12,0,0,0,0,1,0,0,0,0
2025-04-25T11:12:17.7530000,2025,April,4,25,5,Friday,No,11,Between 6AM and 12PM,11.12,0,0,0,0,1,0,0,0,0
2025-04-25T11:12:31.8570000,2025,April,4,25,5,Friday,No,11,Between 6AM and 12PM,11.12,0,0,0,0,2,0,0,0,0
2025-04-25T11:14:17.8270000,2025,April,4,25,5,Friday,No,11,Between 6AM and 12PM,11.14,0,0,0,0,2,0,0,0,0
2025-04-25T11:14:20.0050000,2025,April,4,25,5,Friday,No,11,Between 6AM and 12PM,11.14,0,0,0,0,2,0,0,0,0
2025-04-25T11:14:22.0410000,2025,April,4,25,5,Friday,No,11,Between 6AM and 12PM,11.14,0,0,0,0,1,0,0,0,0
2025-04-25T11:14:27.5150000,2025,April,4,25,5,Friday,No,11,Between 6AM and 12PM,11.14,0,0,0,0,1,0,0,0,0
2025-04-25T11:14:34.1890000,2025,April,4,25,5,Friday,No,11,Between 6AM and 12PM,11.14,0,0,0,0,1,0,0,0,0
2025-04-25T11:14:40.7110000,2025,April,4,25,5,Friday,No,11,Between 6AM and 12PM,11.14,0,0,0,0,5,0,0,0,0
2025-04-25T11:14:41.9830000,2025,April,4,25,5,Friday,No,11,Between 6AM and 12PM,11.14,0,0,0,0,2,0,0,0,0
2025-04-25T11:14:43.9440000,2025,April,4,25,5,Friday,No,11,Between 6AM and 12PM,11.14,0,0,0,0,3,0,0,0,0
2025-04-25T11:14:47.2860000,2025,April,4,25,5,Friday,No,11,Between 6AM and 12PM,11.14,0,0,0,0,2,0,0,0,0
2025-04-25T11:14:49.0350000,2025,April,4,25,5,Friday,No,11,Between 6AM and 12PM,11.14,0,0,0,0,2,0,0,0,0
2025-04-25T11:15:17.0030000,2025,April,4,25,5,Friday,No,11,Between 6AM and 12PM,11.15,0,0,0,0,3,0,0,0,0
2025-04-25T11:15:17.8080000,2025,April,4,25,5,Friday,No,11,Between 6AM and 12PM,11.15,0,0,0,0,2,0,0,0,0
2025-04-25T11:15:22.2310000,2025,April,4,25,5,Friday,No,11,Between 6AM and 12PM,11.15,0,0,0,0,2,0,0,0,0
2025-04-25T11:15:23.1100000,2025,April,4,25,5,Friday,No,11,Between 6AM and 12PM,11.15,0,0,0,0,2,0,0,0,0
2025-04-25T11:15:30.0600000,2025,April,4,25,5,Friday,No,11,Between 6AM and 12PM,11.15,0,0,0,0,2,0,0,0,0
2025-04-25T11:15:30.8660000,2025,April,4,25,5,Friday,No,11,Between 6AM and 12PM,11.15,0,0,0,0,1,0,0,0,0
2025-04-25T11:15:32.3070000,2025,April,4,25,5,Friday,No,11,Between 6AM and 12PM,11.15,0,0,0,0,2,0,0,0,0
2025-04-25T11:15:36.5260000,2025,April,4,25,5,Friday,No,11,Between 6AM and 12PM,11.15,0,0,0,0,2,0,0,0,0
2025-04-25T11:15:37.1200000,2025,April,4,25,5,Friday,No,11,Between 6AM and 12PM,11.15,0,0,0,0,1,0,0,0,0
2025-04-25T11:15:40.6410000,2025,April,4,25,5,Friday,No,11,Between 6AM and 12PM,11.15,0,0,0,0,2,0,0,0,0
2025-04-25T11:16:14.1550000,2025,April,4,25,5,Friday,No,11,Between 6AM and 12PM,11.16,0,0,0,0,2,0,0,0,0
2025-04-25T11:16:42.2920000,2025,April,4,25,5,Friday,No,11,Between 6AM and 12PM,11.16,0,0,0,0,2,0,0,0,0
2025-04-25T11:16:44.0520000,2025,April,4,25,5,Friday,No,11,Between 6AM and 12PM,11.16,0,0,0,0,2,0,0,0,0
2025-04-25T11:16:44.7020000,2025,April,4,25,5,Friday,No,11,Between 6AM and 12PM,11.16,0,0,0,0,2,0,0,0,0
2025-04-25T11:16:47.2060000,2025,April,4,25,5,Friday,No,11,Between 6AM and 12PM,11.16,0,0,0,0,1,0,0,0,0
2025-04-25T11:17:04.4790000,2025,April,4,25,5,Friday,No,11,Between 6AM and 12PM,11.17,0,0,0,0,1,0,0,0,0
2025-04-25T11:18:14.6360000,2025,April,4,25,5,Friday,No,11,Between 6AM and 12PM,11.18,0,0,0,0,1,0,0,0,0
2025-04-25T11:44:00.5760000,2025,April,4,25,5,Friday,No,11,Between 6AM and 12PM,11.44,0,0,0,0,2,0,0,0,0
2025-04-25T11:50:46.3840000,2025,April,4,25,5,Friday,No,11,Between 6AM and 12PM,11.5,0,0,0,0,2,0,0,0,0
2025-04-25T11:51:03.8070000,2025,April,4,25,5,Friday,No,11,Between 6AM and 12PM,11.51,0,0,0,0,2,0,0,0,0
2025-04-25T11:51:06.9910000,2025,April,4,25,5,Friday,No,11,Between 6AM and 12PM,11.51,0,0,0,0,2,0,0,0,0
2025-04-25T11:51:10.5930000,2025,April,4,25,5,Friday,No,11,Between 6AM and 12PM,11.51,0,0,0,0,2,0,0,0,0
2025-04-25T11:51:12.3350000,2025,April,4,25,5,Friday,No,11,Between 6AM and 12PM,11.51,0,0,0,0,2,0,0,0,0
2025-04-25T11:53:30.1990000,2025,April,4,25,5,Friday,No,11,Between 6AM and 12PM,11.53,0,0,0,0,2,0,0,0,0
2025-04-25T12:03:34.6660000,2025,April,4,25,5,Friday,No,12,Between 12PM and 6PM,12.3,0,0,0,0,2,0,0,0,0
2025-04-25T12:03:46.9270000,2025,April,4,25,5,Friday,No,12,Between 12PM and 6PM,12.3,0,0,0,0,1,0,0,0,0
2025-04-25T12:03:53.2870000,2025,April,4,25,5,Friday,No,12,Between 12PM and 6PM,12.3,0,0,0,0,2,0,0,0,0
2025-04-25T12:15:17.2350000,2025,April,4,25,5,Friday,No,12,Between 12PM and 6PM,12.15,0,0,0,0,4,0,0,0,0
2025-04-25T12:15:19.1130000,2025,April,4,25,5,Friday,No,12,Between 12PM and 6PM,12.15,0,0,0,0,3,0,0,0,0
2025-04-25T12:15:49.3740000,2025,April,4,25,5,Friday,No,12,Between 12PM and 6PM,12.15,0,0,0,0,1,0,0,0,0
2025-04-25T12:16:19.4450000,2025,April,4,25,5,Friday,No,12,Between 12PM and 6PM,12.16,0,0,0,0,3,0,0,0,0
2025-04-25T12:20:32.3140000,2025,April,4,25,5,Friday,No,12,Between 12PM and 6PM,12.2,0,0,0,0,1,0,0,0,0
2025-04-25T12:20:38.6230000,2025,April,4,25,5,Friday,No,12,Between 12PM and 6PM,12.2,0,0,0,0,1,0,0,0,0
2025-04-25T12:25:21.4690000,2025,April,4,25,5,Friday,No,12,Between 12PM and 6PM,12.25,0,0,0,0,1,0,0,0,0
2025-04-25T12:25:28.6430000,2025,April,4,25,5,Friday,No,12,Between 12PM and 6PM,12.25,0,0,0,0,6,0,0,0,0
2025-04-25T12:25:49.5210000,2025,April,4,25,5,Friday,No,12,Between 12PM and 6PM,12.25,0,0,0,0,2,0,0,0,0
2025-04-25T12:26:09.1310000,2025,April,4,25,5,Friday,No,12,Between 12PM and 6PM,12.26,0,0,0,0,2,0,0,0,0
2025-04-25T12:27:06.4980000,2025,April,4,25,5,Friday,No,12,Between 12PM and 6PM,12.27,0,0,0,0,2,0,0,0,0
2025-04-25T12:27:09.4200000,2025,April,4,25,5,Friday,No,12,Between 12PM and 6PM,12.27,0,0,0,0,2,0,0,0,0
2025-04-25T12:27:47.0050000,2025,April,4,25,5,Friday,No,12,Between 12PM and 6PM,12.27,0,0,0,0,3,0,0,0,0
2025-04-25T12:27:50.0560000,2025,April,4,25,5,Friday,No,12,Between 12PM and 6PM,12.27,0,0,0,0,6,0,0,0,0
2025-04-25T12:31:11.3160000,2025,April,4,25,5,Friday,No,12,Between 12PM and 6PM,12.31,0,0,0,0,5,0,0,0,0
2025-04-25T12:31:26.5110000,2025,April,4,25,5,Friday,No,12,Between 12PM and 6PM,12.31,0,0,0,0,2,0,0,0,0
2025-04-25T12:31:27.3350000,2025,April,4,25,5,Friday,No,12,Between 12PM and 6PM,12.31,0,0,0,0,2,0,0,0,0
2025-04-25T12:31:27.8810000,2025,April,4,25,5,Friday,No,12,Between 12PM and 6PM,12.31,0,0,0,0,2,0,0,0,0
2025-04-25T12:31:28.6720000,2025,April,4,25,5,Friday,No,12,Between 12PM and 6PM,12.31,0,0,0,0,2,0,0,0,0
2025-04-25T12:31:29.3850000,2025,April,4,25,5,Friday,No,12,Between 12PM and 6PM,12.31,0,0,0,0,2,0,0,0,0
2025-04-25T12:35:12.6620000,2025,April,4,25,5,Friday,No,12,Between 12PM and 6PM,12.35,0,0,0,0,2,0,0,0,0
2025-04-25T12:35:41.1300000,2025,April,4,25,5,Friday,No,12,Between 12PM and 6PM,12.35,0,0,0,0,2,0,0,0,0
2025-04-25T12:35:45.9730000,2025,April,4,25,5,Friday,No,12,Between 12PM and 6PM,12.35,0,0,0,0,2,0,0,0,0
2025-04-25T12:35:48.1230000,2025,April,4,25,5,Friday,No,12,Between 12PM and 6PM,12.35,0,0,0,0,2,0,0,0,0
2025-04-25T12:35:48.6540000,2025,April,4,25,5,Friday,No,12,Between 12PM and 6PM,12.35,0,0,0,0,2,0,0,0,0
2025-04-25T12:35:49.2730000,2025,April,4,25,5,Friday,No,12,Between 12PM and 6PM,12.35,0,0,0,0,2,0,0,0,0
2025-04-25T12:35:49.9970000,2025,April,4,25,5,Friday,No,12,Between 12PM and 6PM,12.35,0,0,0,0,2,0,0,0,0
2025-04-25T12:38:26.9840000,2025,April,4,25,5,Friday,No,12,Between 12PM and 6PM,12.38,0,0,0,0,2,0,0,0,0
2025-04-25T13:01:49.2000000,2025,April,4,25,5,Friday,No,13,Between 12PM and 6PM,13.1,0,0,0,0,1,0,0,0,0
2025-04-25T13:04:15.1990000,2025,April,4,25,5,Friday,No,13,Between 12PM and 6PM,13.4,0,0,0,0,2,0,0,0,0
2025-04-25T13:06:26.8980000,2025,April,4,25,5,Friday,No,13,Between 12PM and 6PM,13.6,0,0,0,0,2,0,0,0,0
2025-04-25T13:15:36.6610000,2025,April,4,25,5,Friday,No,13,Between 12PM and 6PM,13.15,0,0,0,0,2,0,0,0,0
2025-04-25T13:15:41.4450000,2025,April,4,25,5,Friday,No,13,Between 12PM and 6PM,13.15,0,0,0,0,2,0,0,0,0
2025-04-25T13:23:53.4590000,2025,April,4,25,5,Friday,No,13,Between 12PM and 6PM,13.23,0,0,0,0,2,0,0,0,0
2025-04-25T13:24:00.6060000,2025,April,4,25,5,Friday,No,13,Between 12PM and 6PM,13.24,0,0,0,0,2,0,0,0,0
2025-04-25T13:25:32.4730000,2025,April,4,25,5,Friday,No,13,Between 12PM and 6PM,13.25,0,0,0,0,2,0,0,0,0
2025-04-25T13:26:19.1060000,2025,April,4,25,5,Friday,No,13,Between 12PM and 6PM,13.26,0,0,0,0,2,0,0,0,0
2025-04-25T13:26:22.0890000,2025,April,4,25,5,Friday,No,13,Between 12PM and 6PM,13.26,2,0,2,2,2,1,1,0,1
2025-04-25T13:44:39.8730000,2025,April,4,25,5,Friday,No,13,Between 12PM and 6PM,13.44,0,0,0,0,2,0,0,0,0
2025-04-25T13:44:42.9310000,2025,April,4,25,5,Friday,No,13,Between 12PM and 6PM,13.44,0,0,0,0,2,0,0,0,0
2025-04-25T13:44:55.4290000,2025,April,4,25,5,Friday,No,13,Between 12PM and 6PM,13.44,0,0,0,0,2,0,0,0,0
2025-04-25T13:44:57.0370000,2025,April,4,25,5,Friday,No,13,Between 12PM and 6PM,13.44,0,0,0,0,2,0,0,0,0
2025-04-25T13:45:04.1190000,2025,April,4,25,5,Friday,No,13,Between 12PM and 6PM,13.45,0,0,0,0,2,0,0,0,0
2025-04-25T13:45:05.0810000,2025,April,4,25,5,Friday,No,13,Between 12PM and 6PM,13.45,0,0,0,0,1,0,0,0,0
2025-04-25T13:45:13.4740000,2025,April,4,25,5,Friday,No,13,Between 12PM and 6PM,13.45,0,0,0,0,2,0,0,0,0
2025-04-25T13:45:26.7030000,2025,April,4,25,5,Friday,No,13,Between 12PM and 6PM,13.45,0,0,0,0,3,0,0,0,0
2025-04-25T13:45:32.1300000,2025,April,4,25,5,Friday,No,13,Between 12PM and 6PM,13.45,0,0,0,0,5,0,0,0,0
2025-04-25T13:47:29.6120000,2025,April,4,25,5,Friday,No,13,Between 12PM and 6PM,13.47,0,0,0,0,1,0,0,0,0
2025-04-25T13:47:39.5310000,2025,April,4,25,5,Friday,No,13,Between 12PM and 6PM,13.47,0,0,0,0,3,0,0,0,0
2025-04-25T13:47:42.0580000,2025,April,4,25,5,Friday,No,13,Between 12PM and 6PM,13.47,0,0,0,0,2,0,0,0,0
2025-04-25T14:11:45.8210000,2025,April,4,25,5,Friday,No,14,Between 12PM and 6PM,14.11,0,0,0,0,3,0,0,0,0
2025-04-25T14:11:49.7530000,2025,April,4,25,5,Friday,No,14,Between 12PM and 6PM,14.11,0,0,0,0,2,0,0,0,0
2025-04-25T14:11:56.7640000,2025,April,4,25,5,Friday,No,14,Between 12PM and 6PM,14.11,0,0,0,0,3,0,0,0,0
2025-04-25T14:11:57.8100000,2025,April,4,25,5,Friday,No,14,Between 12PM and 6PM,14.11,0,0,0,0,5,0,0,0,0
2025-04-25T14:11:58.1140000,2025,April,4,25,5,Friday,No,14,Between 12PM and 6PM,14.11,0,0,0,0,1,0,0,0,0
2025-04-25T14:11:58.5610000,2025,April,4,25,5,Friday,No,14,Between 12PM and 6PM,14.11,0,0,0,0,1,0,0,0,0
2025-04-25T14:12:00.5170000,2025,April,4,25,5,Friday,No,14,Between 12PM and 6PM,14.12,0,0,0,0,1,0,0,0,0
2025-04-25T14:12:02.5630000,2025,April,4,25,5,Friday,No,14,Between 12PM and 6PM,14.12,0,0,0,0,4,0,0,0,0
2025-04-25T14:12:24.8940000,2025,April,4,25,5,Friday,No,14,Between 12PM and 6PM,14.12,0,0,0,0,1,0,0,0,0
2025-04-25T14:12:25.8880000,2025,April,4,25,5,Friday,No,14,Between 12PM and 6PM,14.12,0,0,0,0,1,0,0,0,0
2025-04-25T14:21:06.6260000,2025,April,4,25,5,Friday,No,14,Between 12PM and 6PM,14.21,0,0,0,0,2,0,0,0,0
2025-04-25T14:26:21.1770000,2025,April,4,25,5,Friday,No,14,Between 12PM and 6PM,14.26,0,0,0,0,5,0,0,0,0
2025-04-25T14:26:27.3410000,2025,April,4,25,5,Friday,No,14,Between 12PM and 6PM,14.26,0,0,0,0,1,0,0,0,0
2025-04-25T14:26:27.7100000,2025,April,4,25,5,Friday,No,14,Between 12PM and 6PM,14.26,0,0,0,0,3,0,0,0,0
2025-04-25T14:44:44.1960000,2025,April,4,25,5,Friday,No,14,Between 12PM and 6PM,14.44,0,0,0,0,3,0,0,0,0
2025-04-25T14:44:45.6920000,2025,April,4,25,5,Friday,No,14,Between 12PM and 6PM,14.44,0,0,0,0,2,0,0,0,0
2025-04-25T14:44:54.1910000,2025,April,4,25,5,Friday,No,14,Between 12PM and 6PM,14.44,0,0,0,0,5,0,0,0,0
2025-04-25T14:44:55.0250000,2025,April,4,25,5,Friday,No,14,Between 12PM and 6PM,14.44,0,0,0,0,2,0,0,0,0
2025-04-25T14:44:55.8580000,2025,April,4,25,5,Friday,No,14,Between 12PM and 6PM,14.44,0,0,0,0,2,0,0,0,0
2025-04-25T14:56:31.6940000,2025,April,4,25,5,Friday,No,14,Between 12PM and 6PM,14.56,0,0,0,0,2,0,0,0,0
2025-04-25T14:59:13.4280000,2025,April,4,25,5,Friday,No,14,Between 12PM and 6PM,14.59,0,0,0,0,3,0,0,0,0
2025-04-25T14:59:14.2560000,2025,April,4,25,5,Friday,No,14,Between 12PM and 6PM,14.59,0,0,0,0,2,0,0,0,0
2025-04-25T15:00:38.7060000,2025,April,4,25,5,Friday,No,15,Between 12PM and 6PM,15,0,0,0,0,2,0,0,0,0
2025-04-25T15:00:43.4670000,2025,April,4,25,5,Friday,No,15,Between 12PM and 6PM,15,0,0,0,0,2,0,0,0,0
2025-04-25T15:00:48.3570000,2025,April,4,25,5,Friday,No,15,Between 12PM and 6PM,15,0,0,0,0,2,0,0,0,0
2025-04-25T15:04:15.1330000,2025,April,4,25,5,Friday,No,15,Between 12PM and 6PM,15.4,0,0,0,0,1,0,0,0,0
2025-04-25T15:15:39.9600000,2025,April,4,25,5,Friday,No,15,Between 12PM and 6PM,15.15,0,0,0,0,2,0,0,0,0
2025-04-25T15:15:47.0700000,2025,April,4,25,5,Friday,No,15,Between 12PM and 6PM,15.15,0,0,0,0,2,0,0,0,0
2025-04-25T15:25:38.8630000,2025,April,4,25,5,Friday,No,15,Between 12PM and 6PM,15.25,0,0,0,0,2,0,0,0,0
2025-04-25T15:26:15.9110000,2025,April,4,25,5,Friday,No,15,Between 12PM and 6PM,15.26,0,0,0,0,2,0,0,0,0
2025-04-25T15:26:53.8810000,2025,April,4,25,5,Friday,No,15,Between 12PM and 6PM,15.26,0,0,0,0,2,0,0,0,0
2025-04-25T15:27:32.1720000,2025,April,4,25,5,Friday,No,15,Between 12PM and 6PM,15.27,0,0,0,0,2,0,0,0,0
2025-04-25T15:46:16.7790000,2025,April,4,25,5,Friday,No,15,Between 12PM and 6PM,15.46,0,0,0,0,2,0,0,0,0
2025-04-25T15:46:33.2000000,2025,April,4,25,5,Friday,No,15,Between 12PM and 6PM,15.46,0,0,0,0,2,0,0,0,0
2025-04-25T15:47:16.4720000,2025,April,4,25,5,Friday,No,15,Between 12PM and 6PM,15.47,0,0,0,0,2,0,0,0,0
2025-04-25T15:47:24.6710000,2025,April,4,25,5,Friday,No,15,Between 12PM and 6PM,15.47,0,0,0,0,2,0,0,0,0
2025-04-25T15:47:36.0250000,2025,April,4,25,5,Friday,No,15,Between 12PM and 6PM,15.47,0,0,0,0,2,0,0,0,0
2025-04-25T15:56:18.3890000,2025,April,4,25,5,Friday,No,15,Between 12PM and 6PM,15.56,0,0,0,0,2,0,0,0,0
2025-04-25T16:03:12.6960000,2025,April,4,25,5,Friday,No,16,Between 12PM and 6PM,16.3,0,0,0,0,2,0,0,0,0
2025-04-25T16:03:46.5900000,2025,April,4,25,5,Friday,No,16,Between 12PM and 6PM,16.3,0,0,0,0,2,0,0,0,0
2025-04-25T16:05:26.3180000,2025,April,4,25,5,Friday,No,16,Between 12PM and 6PM,16.5,0,0,0,0,2,0,0,0,0
2025-04-25T16:05:30.3360000,2025,April,4,25,5,Friday,No,16,Between 12PM and 6PM,16.5,0,0,0,0,2,0,0,0,0
2025-04-25T16:05:34.8550000,2025,April,4,25,5,Friday,No,16,Between 12PM and 6PM,16.5,0,0,0,0,2,0,0,0,0
2025-04-25T16:06:01.6200000,2025,April,4,25,5,Friday,No,16,Between 12PM and 6PM,16.6,0,0,0,0,2,0,0,0,0
2025-04-25T16:06:04.7830000,2025,April,4,25,5,Friday,No,16,Between 12PM and 6PM,16.6,0,0,0,0,2,0,0,0,0
2025-04-25T16:17:30.5950000,2025,April,4,25,5,Friday,No,16,Between 12PM and 6PM,16.17,0,0,0,0,2,0,0,0,0
2025-04-25T16:17:32.7070000,2025,April,4,25,5,Friday,No,16,Between 12PM and 6PM,16.17,0,0,0,0,2,0,0,0,0
2025-04-25T16:18:56.3570000,2025,April,4,25,5,Friday,No,16,Between 12PM and 6PM,16.18,0,0,0,0,6,0,0,0,0
2025-04-25T16:22:07.8590000,2025,April,4,25,5,Friday,No,16,Between 12PM and 6PM,16.22,0,0,0,0,2,0,0,0,0
2025-04-25T16:23:00.0940000,2025,April,4,25,5,Friday,No,16,Between 12PM and 6PM,16.23,0,0,0,0,2,0,0,0,0
2025-04-25T16:23:24.9980000,2025,April,4,25,5,Friday,No,16,Between 12PM and 6PM,16.23,0,0,0,0,2,0,0,0,0
2025-04-25T16:27:05.2110000,2025,April,4,25,5,Friday,No,16,Between 12PM and 6PM,16.27,0,0,0,0,2,0,0,0,0
2025-04-25T16:32:30.9970000,2025,April,4,25,5,Friday,No,16,Between 12PM and 6PM,16.32,0,0,0,0,2,0,0,0,0
2025-04-25T16:34:09.9790000,2025,April,4,25,5,Friday,No,16,Between 12PM and 6PM,16.34,0,0,0,0,2,0,0,0,0
2025-04-25T16:37:34.6870000,2025,April,4,25,5,Friday,No,16,Between 12PM and 6PM,16.37,0,0,0,0,2,0,0,0,0
2025-04-25T16:37:51.9040000,2025,April,4,25,5,Friday,No,16,Between 12PM and 6PM,16.37,0,0,0,0,2,0,0,0,0
2025-04-25T16:40:34.2070000,2025,April,4,25,5,Friday,No,16,Between 12PM and 6PM,16.4,0,0,0,0,2,0,0,0,0
2025-04-25T16:40:58.5280000,2025,April,4,25,5,Friday,No,16,Between 12PM and 6PM,16.4,0,0,0,0,2,0,0,0,0
2025-04-25T16:41:00.9770000,2025,April,4,25,5,Friday,No,16,Between 12PM and 6PM,16.41,0,0,0,0,2,0,0,0,0
2025-04-25T16:41:03.6960000,2025,April,4,25,5,Friday,No,16,Between 12PM and 6PM,16.41,0,0,0,0,2,0,0,0,0
2025-04-25T16:41:11.5830000,2025,April,4,25,5,Friday,No,16,Between 12PM and 6PM,16.41,0,0,0,0,2,0,0,0,0
2025-04-25T16:41:15.9900000,2025,April,4,25,5,Friday,No,16,Between 12PM and 6PM,16.41,0,0,0,0,2,0,0,0,0
2025-04-25T16:41:54.2600000,2025,April,4,25,5,Friday,No,16,Between 12PM and 6PM,16.41,0,0,0,0,2,0,0,0,0
2025-04-25T16:41:57.8200000,2025,April,4,25,5,Friday,No,16,Between 12PM and 6PM,16.41,0,0,0,0,2,0,0,0,0
2025-04-25T17:00:10.6190000,2025,April,4,25,5,Friday,No,17,Between 12PM and 6PM,17,0,0,0,0,2,0,0,0,0
2025-04-25T17:00:13.0560000,2025,April,4,25,5,Friday,No,17,Between 12PM and 6PM,17,0,0,0,0,2,0,0,0,0
2025-04-25T17:00:50.1350000,2025,April,4,25,5,Friday,No,17,Between 12PM and 6PM,17,0,0,0,0,2,0,0,0,0
2025-04-25T17:01:07.2110000,2025,April,4,25,5,Friday,No,17,Between 12PM and 6PM,17.1,0,0,0,0,2,0,0,0,0
2025-04-25T17:01:10.2180000,2025,April,4,25,5,Friday,No,17,Between 12PM and 6PM,17.1,0,0,0,2,2,0,0,0,1
2025-04-25T17:01:54.8340000,2025,April,4,25,5,Friday,No,17,Between 12PM and 6PM,17.1,0,0,0,2,2,0,0,0,1
2025-04-25T17:02:02.8740000,2025,April,4,25,5,Friday,No,17,Between 12PM and 6PM,17.2,2,0,0,2,2,1,0,0,1
2025-04-25T17:14:57.2660000,2025,April,4,25,5,Friday,No,17,Between 12PM and 6PM,17.14,0,0,0,0,2,0,0,0,0
2025-04-25T17:15:34.4640000,2025,April,4,25,5,Friday,No,17,Between 12PM and 6PM,17.15,0,0,0,0,2,0,0,0,0
2025-04-25T17:42:08.0800000,2025,April,4,25,5,Friday,No,17,Between 12PM and 6PM,17.42,0,0,0,0,2,0,0,0,0
2025-04-25T17:42:15.6130000,2025,April,4,25,5,Friday,No,17,Between 12PM and 6PM,17.42,0,0,0,0,2,0,0,0,0
2025-04-25T17:42:19.8580000,2025,April,4,25,5,Friday,No,17,Between 12PM and 6PM,17.42,0,0,0,0,2,0,0,0,0
2025-04-25T17:42:40.5210000,2025,April,4,25,5,Friday,No,17,Between 12PM and 6PM,17.42,0,0,0,0,2,0,0,0,0
2025-04-25T17:43:01.7640000,2025,April,4,25,5,Friday,No,17,Between 12PM and 6PM,17.43,0,0,0,0,2,0,0,0,0
2025-04-25T17:43:03.2210000,2025,April,4,25,5,Friday,No,17,Between 12PM and 6PM,17.43,0,0,0,0,2,0,0,0,0
2025-04-25T17:43:04.0280000,2025,April,4,25,5,Friday,No,17,Between 12PM and 6PM,17.43,0,0,0,0,2,0,0,0,0
2025-04-25T17:43:05.4680000,2025,April,4,25,5,Friday,No,17,Between 12PM and 6PM,17.43,0,0,0,0,2,0,0,0,0
2025-04-25T17:43:13.2430000,2025,April,4,25,5,Friday,No,17,Between 12PM and 6PM,17.43,0,0,0,0,2,0,0,0,0
2025-04-25T17:43:48.3260000,2025,April,4,25,5,Friday,No,17,Between 12PM and 6PM,17.43,0,0,0,0,2,0,0,0,0
2025-04-25T17:43:50.4280000,2025,April,4,25,5,Friday,No,17,Between 12PM and 6PM,17.43,0,0,0,0,2,0,0,0,0
2025-04-25T17:44:05.8140000,2025,April,4,25,5,Friday,No,17,Between 12PM and 6PM,17.44,0,0,0,0,2,0,0,0,0
2025-04-25T17:44:05.9260000,2025,April,4,25,5,Friday,No,17,Between 12PM and 6PM,17.44,0,0,0,0,2,0,0,0,0
2025-04-25T17:44:39.3280000,2025,April,4,25,5,Friday,No,17,Between 12PM and 6PM,17.44,0,0,0,0,2,0,0,0,0
2025-04-25T17:44:46.3960000,2025,April,4,25,5,Friday,No,17,Between 12PM and 6PM,17.44,0,0,0,0,2,0,0,0,0
2025-04-25T17:45:13.2520000,2025,April,4,25,5,Friday,No,17,Between 12PM and 6PM,17.45,0,0,0,0,2,0,0,0,0
2025-04-25T17:45:13.3450000,2025,April,4,25,5,Friday,No,17,Between 12PM and 6PM,17.45,0,0,0,0,2,0,0,0,0
2025-04-25T18:02:59.7020000,2025,April,4,25,5,Friday,No,18,After 6PM,18.2,0,0,0,0,2,0,0,0,0
2025-04-25T18:03:06.1570000,2025,April,4,25,5,Friday,No,18,After 6PM,18.3,0,0,0,0,2,0,0,0,0
2025-04-25T18:36:53.6080000,2025,April,4,25,5,Friday,No,18,After 6PM,18.36,0,0,0,0,2,0,0,0,0
2025-04-25T18:36:57.3440000,2025,April,4,25,5,Friday,No,18,After 6PM,18.36,0,0,0,0,2,0,0,0,0
2025-04-25T18:37:09.8270000,2025,April,4,25,5,Friday,No,18,After 6PM,18.37,0,0,0,0,2,0,0,0,0
2025-04-25T18:38:01.0590000,2025,April,4,25,5,Friday,No,18,After 6PM,18.38,0,0,0,0,2,0,0,0,0
2025-04-25T18:40:42.5520000,2025,April,4,25,5,Friday,No,18,After 6PM,18.4,0,0,0,0,2,0,0,0,0
2025-04-25T18:40:54.4280000,2025,April,4,25,5,Friday,No,18,After 6PM,18.4,0,0,0,0,3,0,0,0,0
2025-04-25T18:40:55.2260000,2025,April,4,25,5,Friday,No,18,After 6PM,18.4,0,0,0,0,3,0,0,0,0
2025-04-25T18:42:12.2820000,2025,April,4,25,5,Friday,No,18,After 6PM,18.42,0,0,0,0,2,0,0,0,0
2025-04-25T18:42:43.0110000,2025,April,4,25,5,Friday,No,18,After 6PM,18.42,0,0,0,0,2,0,0,0,0
2025-04-25T18:42:57.1610000,2025,April,4,25,5,Friday,No,18,After 6PM,18.42,0,0,0,0,2,0,0,0,0
2025-04-25T18:42:59.4350000,2025,April,4,25,5,Friday,No,18,After 6PM,18.42,0,0,0,0,2,0,0,0,0
2025-04-25T18:43:02.3900000,2025,April,4,25,5,Friday,No,18,After 6PM,18.43,0,0,0,0,2,0,0,0,0
2025-04-25T18:45:41.7930000,2025,April,4,25,5,Friday,No,18,After 6PM,18.45,0,0,0,0,4,0,0,0,0
2025-04-25T18:45:49.0430000,2025,April,4,25,5,Friday,No,18,After 6PM,18.45,0,0,0,0,6,0,0,0,0
2025-04-25T18:46:00.0360000,2025,April,4,25,5,Friday,No,18,After 6PM,18.46,0,0,0,0,2,0,0,0,0
2025-04-25T18:49:31.4770000,2025,April,4,25,5,Friday,No,18,After 6PM,18.49,0,0,0,0,2,0,0,0,0
2025-04-25T19:32:59.4690000,2025,April,4,25,5,Friday,No,19,After 6PM,19.32,0,0,0,0,1,0,0,0,0
2025-04-25T19:33:00.6630000,2025,April,4,25,5,Friday,No,19,After 6PM,19.33,0,0,0,0,2,0,0,0,0
2025-04-25T19:33:02.9260000,2025,April,4,25,5,Friday,No,19,After 6PM,19.33,0,0,0,0,2,0,0,0,0
2025-04-25T19:34:33.1550000,2025,April,4,25,5,Friday,No,19,After 6PM,19.34,0,0,0,0,1,0,0,0,0
2025-04-25T19:35:18.1310000,2025,April,4,25,5,Friday,No,19,After 6PM,19.35,0,0,0,0,2,0,0,0,0
2025-04-25T21:03:43.2460000,2025,April,4,25,5,Friday,No,21,After 6PM,21.3,0,0,0,0,1,0,0,0,0
2025-04-25T21:03:44.0560000,2025,April,4,25,5,Friday,No,21,After 6PM,21.3,0,0,0,0,1,0,0,0,0
2025-04-25T21:04:07.3100000,2025,April,4,25,5,Friday,No,21,After 6PM,21.4,0,0,0,0,2,0,0,0,0
2025-04-25T21:04:17.7750000,2025,April,4,25,5,Friday,No,21,After 6PM,21.4,0,0,0,0,3,0,0,0,0
2025-04-25T21:04:34.9480000,2025,April,4,25,5,Friday,No,21,After 6PM,21.4,0,0,0,0,2,0,0,0,0
2025-04-25T21:04:39.8730000,2025,April,4,25,5,Friday,No,21,After 6PM,21.4,0,0,0,0,1,0,0,0,0
2025-04-25T21:04:43.2260000,2025,April,4,25,5,Friday,No,21,After 6PM,21.4,0,0,0,0,1,0,0,0,0
2025-04-25T21:04:53.4430000,2025,April,4,25,5,Friday,No,21,After 6PM,21.4,0,0,0,0,1,0,0,0,0
2025-04-25T21:05:18.5970000,2025,April,4,25,5,Friday,No,21,After 6PM,21.5,0,0,0,0,1,0,0,0,0
2025-04-25T21:05:21.8240000,2025,April,4,25,5,Friday,No,21,After 6PM,21.5,0,0,0,0,1,0,0,0,0
2025-04-25T21:05:47.5890000,2025,April,4,25,5,Friday,No,21,After 6PM,21.5,0,0,0,0,1,0,0,0,0
2025-04-25T21:05:49.8780000,2025,April,4,25,5,Friday,No,21,After 6PM,21.5,0,0,0,0,4,0,0,0,0
2025-04-25T21:05:59.1650000,2025,April,4,25,5,Friday,No,21,After 6PM,21.5,0,0,0,0,2,0,0,0,0
2025-04-25T21:07:33.6370000,2025,April,4,25,5,Friday,No,21,After 6PM,21.7,0,0,0,0,2,0,0,0,0
2025-04-25T21:07:53.4760000,2025,April,4,25,5,Friday,No,21,After 6PM,21.7,0,0,0,0,1,0,0,0,0
2025-04-25T21:07:56.6170000,2025,April,4,25,5,Friday,No,21,After 6PM,21.7,0,0,0,0,2,0,0,0,0
2025-04-25T21:07:59.0620000,2025,April,4,25,5,Friday,No,21,After 6PM,21.7,0,0,0,0,1,0,0,0,0
2025-04-25T21:08:00.2870000,2025,April,4,25,5,Friday,No,21,After 6PM,21.8,0,0,0,0,1,0,0,0,0
2025-04-25T21:08:04.3730000,2025,April,4,25,5,Friday,No,21,After 6PM,21.8,0,0,0,0,1,0,0,0,0
2025-04-25T21:09:32.3130000,2025,April,4,25,5,Friday,No,21,After 6PM,21.9,0,0,0,0,1,0,0,0,0
2025-04-25T21:11:10.3130000,2025,April,4,25,5,Friday,No,21,After 6PM,21.11,0,0,0,0,1,0,0,0,0
2025-04-25T21:13:51.7920000,2025,April,4,25,5,Friday,No,21,After 6PM,21.13,0,0,0,0,6,0,0,0,0
2025-04-25T21:55:07.4530000,2025,April,4,25,5,Friday,No,21,After 6PM,21.55,0,0,0,0,1,0,0,0,0
2025-04-25T21:56:19.1130000,2025,April,4,25,5,Friday,No,21,After 6PM,21.56,0,0,2,0,2,0,1,0,0
2025-04-25T21:59:30.0770000,2025,April,4,25,5,Friday,No,21,After 6PM,21.59,0,0,0,0,5,0,0,0,0
2025-04-25T21:59:53.8460000,2025,April,4,25,5,Friday,No,21,After 6PM,21.59,0,0,0,0,2,0,0,0,0
2025-04-25T21:59:58.4650000,2025,April,4,25,5,Friday,No,21,After 6PM,21.59,0,0,0,0,2,0,0,0,0
2025-04-25T22:00:08.2190000,2025,April,4,25,5,Friday,No,22,After 6PM,22,0,0,0,0,2,0,0,0,0
2025-04-25T22:01:21.3140000,2025,April,4,25,5,Friday,No,22,After 6PM,22.1,0,0,0,0,3,0,0,0,0
2025-04-25T22:03:51.2050000,2025,April,4,25,5,Friday,No,22,After 6PM,22.3,0,0,0,0,3,0,0,0,0
2025-04-25T22:04:48.5460000,2025,April,4,25,5,Friday,No,22,After 6PM,22.4,0,0,0,0,2,0,0,0,0
2025-04-25T22:08:35.5350000,2025,April,4,25,5,Friday,No,22,After 6PM,22.8,0,0,0,0,2,0,0,0,0
2025-04-25T22:08:42.1930000,2025,April,4,25,5,Friday,No,22,After 6PM,22.8,0,0,0,0,2,0,0,0,0
2025-04-25T22:11:01.1960000,2025,April,4,25,5,Friday,No,22,After 6PM,22.11,0,0,0,0,1,0,0,0,0
2025-04-25T22:13:33.3890000,2025,April,4,25,5,Friday,No,22,After 6PM,22.13,0,0,0,0,2,0,0,0,0
2025-04-25T22:22:09.5980000,2025,April,4,25,5,Friday,No,22,After 6PM,22.22,0,0,0,0,2,0,0,0,0
2025-04-25T22:22:37.3820000,2025,April,4,25,5,Friday,No,22,After 6PM,22.22,0,0,0,0,2,0,0,0,0
2025-04-25T22:22:45.8220000,2025,April,4,25,5,Friday,No,22,After 6PM,22.22,0,0,0,0,3,0,0,0,0
2025-04-25T22:23:02.4610000,2025,April,4,25,5,Friday,No,22,After 6PM,22.23,0,0,0,0,3,0,0,0,0
2025-04-25T22:28:03.9180000,2025,April,4,25,5,Friday,No,22,After 6PM,22.28,0,0,0,0,2,0,0,0,0
2025-04-25T22:28:46.3480000,2025,April,4,25,5,Friday,No,22,After 6PM,22.28,0,0,0,0,2,0,0,0,0
2025-04-25T22:28:47.0790000,2025,April,4,25,5,Friday,No,22,After 6PM,22.28,0,0,0,0,2,0,0,0,0
2025-04-25T22:28:49.0550000,2025,April,4,25,5,Friday,No,22,After 6PM,22.28,0,0,0,0,2,0,0,0,0
2025-04-25T22:29:16.1290000,2025,April,4,25,5,Friday,No,22,After 6PM,22.29,0,0,0,0,2,0,0,0,0
2025-04-25T22:29:18.3290000,2025,April,4,25,5,Friday,No,22,After 6PM,22.29,0,0,0,0,2,0,0,0,0
2025-04-25T22:29:19.5750000,2025,April,4,25,5,Friday,No,22,After 6PM,22.29,0,0,0,0,2,0,0,0,0
2025-04-25T22:29:21.7390000,2025,April,4,25,5,Friday,No,22,After 6PM,22.29,0,0,0,0,2,0,0,0,0
2025-04-25T22:29:23.3760000,2025,April,4,25,5,Friday,No,22,After 6PM,22.29,0,0,0,0,2,0,0,0,0
2025-04-25T22:29:24.7360000,2025,April,4,25,5,Friday,No,22,After 6PM,22.29,0,0,0,0,2,0,0,0,0
2025-04-25T22:29:27.7070000,2025,April,4,25,5,Friday,No,22,After 6PM,22.29,0,0,0,0,2,0,0,0,0
2025-04-25T22:29:36.9810000,2025,April,4,25,5,Friday,No,22,After 6PM,22.29,0,0,0,0,2,0,0,0,0
2025-04-25T22:29:39.5340000,2025,April,4,25,5,Friday,No,22,After 6PM,22.29,0,0,0,0,1,0,0,0,0
2025-04-25T22:30:05.8900000,2025,April,4,25,5,Friday,No,22,After 6PM,22.3,0,0,0,0,2,0,0,0,0
2025-04-25T22:30:29.5050000,2025,April,4,25,5,Friday,No,22,After 6PM,22.3,0,0,0,0,2,0,0,0,0
2025-04-25T22:30:41.1470000,2025,April,4,25,5,Friday,No,22,After 6PM,22.3,0,0,0,0,2,0,0,0,0
2025-04-25T22:30:41.1580000,2025,April,4,25,5,Friday,No,22,After 6PM,22.3,0,0,0,0,2,0,0,0,0
2025-04-25T22:30:48.3450000,2025,April,4,25,5,Friday,No,22,After 6PM,22.3,0,0,0,0,1,0,0,0,0
2025-04-25T22:30:52.4630000,2025,April,4,25,5,Friday,No,22,After 6PM,22.3,0,0,0,0,2,0,0,0,0
2025-04-25T22:30:54.5410000,2025,April,4,25,5,Friday,No,22,After 6PM,22.3,0,0,0,0,2,0,0,0,0
2025-04-25T22:31:06.2990000,2025,April,4,25,5,Friday,No,22,After 6PM,22.31,0,0,0,0,2,0,0,0,0
2025-04-25T22:31:09.0150000,2025,April,4,25,5,Friday,No,22,After 6PM,22.31,0,0,0,0,2,0,0,0,0
2025-04-25T22:31:11.7450000,2025,April,4,25,5,Friday,No,22,After 6PM,22.31,0,0,0,0,2,0,0,0,0
2025-04-25T22:31:14.5280000,2025,April,4,25,5,Friday,No,22,After 6PM,22.31,0,0,0,0,2,0,0,0,0
2025-04-25T22:31:28.4930000,2025,April,4,25,5,Friday,No,22,After 6PM,22.31,0,0,0,0,2,0,0,0,0
2025-04-25T22:32:23.7340000,2025,April,4,25,5,Friday,No,22,After 6PM,22.32,0,0,0,0,2,0,0,0,0
2025-04-25T22:37:14.5350000,2025,April,4,25,5,Friday,No,22,After 6PM,22.37,0,0,0,0,2,0,0,0,0
2025-04-25T22:38:21.0960000,2025,April,4,25,5,Friday,No,22,After 6PM,22.38,0,0,0,0,2,0,0,0,0
2025-04-25T22:41:02.1950000,2025,April,4,25,5,Friday,No,22,After 6PM,22.41,0,0,0,0,2,0,0,0,0
2025-04-25T22:43:50.9580000,2025,April,4,25,5,Friday,No,22,After 6PM,22.43,0,0,0,0,2,0,0,0,0
2025-04-25T22:44:27.7600000,2025,April,4,25,5,Friday,No,22,After 6PM,22.44,0,0,0,0,2,0,0,0,0
2025-04-25T22:44:34.8430000,2025,April,4,25,5,Friday,No,22,After 6PM,22.44,0,0,0,0,2,0,0,0,0
2025-04-25T22:45:13.5410000,2025,April,4,25,5,Friday,No,22,After 6PM,22.45,0,0,0,0,2,0,0,0,0
2025-04-25T22:48:20.6010000,2025,April,4,25,5,Friday,No,22,After 6PM,22.48,0,0,0,0,2,0,0,0,0
2025-04-25T22:50:03.1500000,2025,April,4,25,5,Friday,No,22,After 6PM,22.5,0,0,0,0,2,0,0,0,0
2025-04-25T22:52:57.5470000,2025,April,4,25,5,Friday,No,22,After 6PM,22.52,0,0,0,0,2,0,0,0,0
2025-04-25T22:57:32.1340000,2025,April,4,25,5,Friday,No,22,After 6PM,22.57,0,0,0,0,2,0,0,0,0
2025-04-25T22:57:51.0570000,2025,April,4,25,5,Friday,No,22,After 6PM,22.57,0,0,0,0,2,0,0,0,0
2025-04-25T22:58:43.7500000,2025,April,4,25,5,Friday,No,22,After 6PM,22.58,0,0,0,0,2,0,0,0,0
2025-04-25T22:58:50.6840000,2025,April,4,25,5,Friday,No,22,After 6PM,22.58,0,0,0,0,2,0,0,0,0
2025-04-25T22:59:00.0910000,2025,April,4,25,5,Friday,No,22,After 6PM,22.59,0,0,0,0,2,0,0,0,0
2025-04-25T22:59:30.5390000,2025,April,4,25,5,Friday,No,22,After 6PM,22.59,0,0,0,0,2,0,0,0,0
2025-04-25T23:04:41.1090000,2025,April,4,25,5,Friday,No,23,After 6PM,23.4,0,0,0,0,2,0,0,0,0
2025-04-25T23:12:59.2120000,2025,April,4,25,5,Friday,No,23,After 6PM,23.12,0,0,0,0,2,0,0,0,0
2025-04-25T23:28:17.1200000,2025,April,4,25,5,Friday,No,23,After 6PM,23.28,0,0,0,0,2,0,0,0,0
2025-04-25T23:28:19.2950000,2025,April,4,25,5,Friday,No,23,After 6PM,23.28,0,0,0,0,2,0,0,0,0
2025-04-25T23:29:10.1440000,2025,April,4,25,5,Friday,No,23,After 6PM,23.29,0,0,0,0,2,0,0,0,0
2025-04-25T23:29:16.2850000,2025,April,4,25,5,Friday,No,23,After 6PM,23.29,0,0,0,0,2,0,0,0,0
2025-04-25T23:29:44.6930000,2025,April,4,25,5,Friday,No,23,After 6PM,23.29,0,0,0,0,2,0,0,0,0
2025-04-25T23:29:59.4130000,2025,April,4,25,5,Friday,No,23,After 6PM,23.29,0,0,0,0,2,0,0,0,0
2025-04-25T23:30:36.5050000,2025,April,4,25,5,Friday,No,23,After 6PM,23.3,0,0,0,0,2,0,0,0,0
2025-04-25T23:35:17.7100000,2025,April,4,25,5,Friday,No,23,After 6PM,23.35,0,0,0,0,1,0,0,0,0
2025-04-25T23:40:47.9560000,2025,April,4,25,5,Friday,No,23,After 6PM,23.4,0,0,0,0,1,0,0,0,0
2025-04-25T23:40:48.2840000,2025,April,4,25,5,Friday,No,23,After 6PM,23.4,0,0,0,0,1,0,0,0,0
2025-04-25T23:40:49.4050000,2025,April,4,25,5,Friday,No,23,After 6PM,23.4,0,0,0,0,1,0,0,0,0
2025-04-25T23:40:50.5880000,2025,April,4,25,5,Friday,No,23,After 6PM,23.4,0,0,0,0,1,0,0,0,0
2025-04-25T23:41:02.4060000,2025,April,4,25,5,Friday,No,23,After 6PM,23.41,0,0,0,0,1,0,0,0,0
2025-04-25T23:41:08.3670000,2025,April,4,25,5,Friday,No,23,After 6PM,23.41,0,0,0,0,1,0,0,0,0
2025-04-25T23:41:24.0380000,2025,April,4,25,5,Friday,No,23,After 6PM,23.41,0,0,0,0,1,0,0,0,0
2025-04-25T23:41:28.7600000,2025,April,4,25,5,Friday,No,23,After 6PM,23.41,0,0,0,0,1,0,0,0,0
2025-04-25T23:42:21.4710000,2025,April,4,25,5,Friday,No,23,After 6PM,23.42,0,0,0,0,1,0,0,0,0
2025-04-25T23:42:45.8540000,2025,April,4,25,5,Friday,No,23,After 6PM,23.42,0,0,0,0,2,0,0,0,0
2025-04-25T23:42:48.5260000,2025,April,4,25,5,Friday,No,23,After 6PM,23.42,0,0,0,0,2,0,0,0,0
2025-04-25T23:44:41.6450000,2025,April,4,25,5,Friday,No,23,After 6PM,23.44,0,0,0,0,1,0,0,0,0
2025-04-25T23:46:43.4200000,2025,April,4,25,5,Friday,No,23,After 6PM,23.46,0,0,0,0,1,0,0,0,0
2025-04-25T23:47:25.8660000,2025,April,4,25,5,Friday,No,23,After 6PM,23.47,0,0,0,0,1,0,0,0,0
2025-04-25T23:47:27.2800000,2025,April,4,25,5,Friday,No,23,After 6PM,23.47,0,0,0,0,1,0,0,0,0
2025-04-25T23:53:56.7470000,2025,April,4,25,5,Friday,No,23,After 6PM,23.53,0,0,0,0,1,0,0,0,0
2025-04-25T23:53:57.7070000,2025,April,4,25,5,Friday,No,23,After 6PM,23.53,0,0,0,0,1,0,0,0,0
2025-04-25T23:53:59.9370000,2025,April,4,25,5,Friday,No,23,After 6PM,23.53,0,0,0,0,1,0,0,0,0
2025-04-26T02:48:39.4940000,2025,April,4,26,6,Saturday,Yes,2,Before 6AM,2.48,0,0,0,0,1,0,0,0,0
2025-04-26T02:49:57.9760000,2025,April,4,26,6,Saturday,Yes,2,Before 6AM,2.49,0,0,0,0,2,0,0,0,0
2025-04-26T02:50:03.3510000,2025,April,4,26,6,Saturday,Yes,2,Before 6AM,2.5,0,0,0,0,2,0,0,0,0
2025-04-26T03:11:13.6770000,2025,April,4,26,6,Saturday,Yes,3,Before 6AM,3.11,0,0,0,0,1,0,0,0,0
2025-04-26T03:11:21.0020000,2025,April,4,26,6,Saturday,Yes,3,Before 6AM,3.11,0,0,0,0,1,0,0,0,0
2025-04-26T03:19:42.0810000,2025,April,4,26,6,Saturday,Yes,3,Before 6AM,3.19,0,0,0,0,1,0,0,0,0
2025-04-26T03:22:13.9440000,2025,April,4,26,6,Saturday,Yes,3,Before 6AM,3.22,0,0,0,0,1,0,0,0,0
2025-04-26T03:24:52.5530000,2025,April,4,26,6,Saturday,Yes,3,Before 6AM,3.24,0,0,0,0,1,0,0,0,0
2025-04-26T03:31:38.1060000,2025,April,4,26,6,Saturday,Yes,3,Before 6AM,3.31,0,0,0,0,1,0,0,0,0
2025-04-26T03:31:44.7400000,2025,April,4,26,6,Saturday,Yes,3,Before 6AM,3.31,0,0,0,0,1,0,0,0,0
2025-04-26T03:32:50.4020000,2025,April,4,26,6,Saturday,Yes,3,Before 6AM,3.32,0,0,0,0,1,0,0,0,0
2025-04-26T03:33:02.0350000,2025,April,4,26,6,Saturday,Yes,3,Before 6AM,3.33,0,0,0,0,2,0,0,0,0
2025-04-26T03:33:08.2860000,2025,April,4,26,6,Saturday,Yes,3,Before 6AM,3.33,0,0,0,0,1,0,0,0,0
2025-04-26T03:33:22.2550000,2025,April,4,26,6,Saturday,Yes,3,Before 6AM,3.33,0,0,0,0,1,0,0,0,0
2025-04-26T03:33:57.6350000,2025,April,4,26,6,Saturday,Yes,3,Before 6AM,3.33,0,0,0,0,1,0,0,0,0
2025-04-26T03:34:04.6230000,2025,April,4,26,6,Saturday,Yes,3,Before 6AM,3.34,0,0,0,0,1,0,0,0,0
2025-04-26T03:34:32.1730000,2025,April,4,26,6,Saturday,Yes,3,Before 6AM,3.34,0,0,0,0,1,0,0,0,0
2025-04-26T03:34:37.7940000,2025,April,4,26,6,Saturday,Yes,3,Before 6AM,3.34,0,0,0,0,1,0,0,0,0
2025-04-26T03:34:55.0410000,2025,April,4,26,6,Saturday,Yes,3,Before 6AM,3.34,0,0,0,0,1,0,0,0,0
2025-04-26T03:35:01.8330000,2025,April,4,26,6,Saturday,Yes,3,Before 6AM,3.35,0,0,0,0,1,0,0,0,0
2025-04-26T03:35:03.5300000,2025,April,4,26,6,Saturday,Yes,3,Before 6AM,3.35,0,0,0,0,1,0,0,0,0
2025-04-26T03:35:12.0990000,2025,April,4,26,6,Saturday,Yes,3,Before 6AM,3.35,0,0,0,0,1,0,0,0,0
2025-04-26T03:35:14.6470000,2025,April,4,26,6,Saturday,Yes,3,Before 6AM,3.35,0,0,0,0,1,0,0,0,0
2025-04-26T03:35:21.4240000,2025,April,4,26,6,Saturday,Yes,3,Before 6AM,3.35,0,0,0,0,1,0,0,0,0
2025-04-26T03:35:30.5920000,2025,April,4,26,6,Saturday,Yes,3,Before 6AM,3.35,0,0,0,0,1,0,0,0,0
2025-04-26T03:35:52.0960000,2025,April,4,26,6,Saturday,Yes,3,Before 6AM,3.35,0,0,0,0,1,0,0,0,0
2025-04-26T03:35:59.8100000,2025,April,4,26,6,Saturday,Yes,3,Before 6AM,3.35,0,0,0,0,1,0,0,0,0
2025-04-26T03:36:46.4620000,2025,April,4,26,6,Saturday,Yes,3,Before 6AM,3.36,0,0,0,0,1,0,0,0,0
2025-04-26T03:41:43.1560000,2025,April,4,26,6,Saturday,Yes,3,Before 6AM,3.41,0,0,0,0,1,0,0,0,0
2025-04-26T03:41:54.7500000,2025,April,4,26,6,Saturday,Yes,3,Before 6AM,3.41,0,0,0,0,2,0,0,0,0
2025-04-26T03:42:28.3190000,2025,April,4,26,6,Saturday,Yes,3,Before 6AM,3.42,0,0,0,0,1,0,0,0,0
2025-04-26T03:44:13.4910000,2025,April,4,26,6,Saturday,Yes,3,Before 6AM,3.44,0,0,0,0,1,0,0,0,0
2025-04-26T03:44:45.4400000,2025,April,4,26,6,Saturday,Yes,3,Before 6AM,3.44,0,0,0,0,1,0,0,0,0
2025-04-26T03:44:46.5780000,2025,April,4,26,6,Saturday,Yes,3,Before 6AM,3.44,0,0,0,0,1,0,0,0,0
2025-04-26T03:45:17.1370000,2025,April,4,26,6,Saturday,Yes,3,Before 6AM,3.45,0,0,0,0,1,0,0,0,0
2025-04-26T03:45:39.7920000,2025,April,4,26,6,Saturday,Yes,3,Before 6AM,3.45,0,0,0,0,1,0,0,0,0
2025-04-26T03:45:41.0880000,2025,April,4,26,6,Saturday,Yes,3,Before 6AM,3.45,0,0,0,0,1,0,0,0,0
2025-04-26T03:46:05.3400000,2025,April,4,26,6,Saturday,Yes,3,Before 6AM,3.46,0,0,0,0,1,0,0,0,0
2025-04-26T03:46:16.0260000,2025,April,4,26,6,Saturday,Yes,3,Before 6AM,3.46,0,0,0,0,1,0,0,0,0
2025-04-26T03:47:09.3410000,2025,April,4,26,6,Saturday,Yes,3,Before 6AM,3.47,0,0,0,0,1,0,0,0,0
2025-04-26T03:47:13.6930000,2025,April,4,26,6,Saturday,Yes,3,Before 6AM,3.47,0,0,0,0,1,0,0,0,0
2025-04-26T03:47:19.3240000,2025,April,4,26,6,Saturday,Yes,3,Before 6AM,3.47,0,0,0,0,1,0,0,0,0
2025-04-26T03:47:24.1320000,2025,April,4,26,6,Saturday,Yes,3,Before 6AM,3.47,0,0,0,0,1,0,0,0,0
2025-04-26T03:47:41.4630000,2025,April,4,26,6,Saturday,Yes,3,Before 6AM,3.47,0,0,0,0,1,0,0,0,0
2025-04-26T03:50:32.9570000,2025,April,4,26,6,Saturday,Yes,3,Before 6AM,3.5,0,0,0,0,1,0,0,0,0
2025-04-26T03:50:39.7540000,2025,April,4,26,6,Saturday,Yes,3,Before 6AM,3.5,0,0,0,0,1,0,0,0,0
2025-04-26T03:50:44.7650000,2025,April,4,26,6,Saturday,Yes,3,Before 6AM,3.5,0,0,0,0,1,0,0,0,0
2025-04-26T03:51:25.7400000,2025,April,4,26,6,Saturday,Yes,3,Before 6AM,3.51,0,0,0,0,1,0,0,0,0
2025-04-26T03:51:26.5720000,2025,April,4,26,6,Saturday,Yes,3,Before 6AM,3.51,0,0,0,0,1,0,0,0,0
2025-04-26T03:51:43.4350000,2025,April,4,26,6,Saturday,Yes,3,Before 6AM,3.51,0,0,0,0,1,0,0,0,0
2025-04-26T03:53:21.9650000,2025,April,4,26,6,Saturday,Yes,3,Before 6AM,3.53,0,0,0,0,1,0,0,0,0
2025-04-26T03:53:23.2770000,2025,April,4,26,6,Saturday,Yes,3,Before 6AM,3.53,0,0,0,0,2,0,0,0,0
2025-04-26T03:53:26.6800000,2025,April,4,26,6,Saturday,Yes,3,Before 6AM,3.53,0,0,0,0,1,0,0,0,0
2025-04-26T03:53:28.3520000,2025,April,4,26,6,Saturday,Yes,3,Before 6AM,3.53,0,0,0,0,1,0,0,0,0
2025-04-26T03:56:04.9020000,2025,April,4,26,6,Saturday,Yes,3,Before 6AM,3.56,0,0,0,0,1,0,0,0,0
2025-04-26T04:07:16.8690000,2025,April,4,26,6,Saturday,Yes,4,Before 6AM,4.7,0,0,0,0,1,0,0,0,0
2025-04-26T04:07:19.7010000,2025,April,4,26,6,Saturday,Yes,4,Before 6AM,4.7,0,0,0,0,1,0,0,0,0
2025-04-26T04:07:22.1490000,2025,April,4,26,6,Saturday,Yes,4,Before 6AM,4.7,0,0,0,0,1,0,0,0,0
2025-04-26T04:07:24.8760000,2025,April,4,26,6,Saturday,Yes,4,Before 6AM,4.7,0,0,0,0,1,0,0,0,0
2025-04-26T15:31:01.6920000,2025,April,4,26,6,Saturday,Yes,15,Between 12PM and 6PM,15.31,0,0,0,0,1,0,0,0,0
2025-04-26T15:31:02.5130000,2025,April,4,26,6,Saturday,Yes,15,Between 12PM and 6PM,15.31,0,0,0,0,1,0,0,0,0
2025-04-26T15:31:06.5420000,2025,April,4,26,6,Saturday,Yes,15,Between 12PM and 6PM,15.31,0,0,1,0,1,0,1,0,0
2025-04-26T15:41:20.1950000,2025,April,4,26,6,Saturday,Yes,15,Between 12PM and 6PM,15.41,0,0,0,0,1,0,0,0,0
2025-04-26T15:41:20.9010000,2025,April,4,26,6,Saturday,Yes,15,Between 12PM and 6PM,15.41,0,0,0,0,1,0,0,0,0
2025-04-26T15:41:23.6300000,2025,April,4,26,6,Saturday,Yes,15,Between 12PM and 6PM,15.41,0,0,0,0,1,0,0,0,0
2025-04-26T16:03:33.3890000,2025,April,4,26,6,Saturday,Yes,16,Between 12PM and 6PM,16.3,0,0,0,0,1,0,0,0,0
2025-04-26T16:03:39.2780000,2025,April,4,26,6,Saturday,Yes,16,Between 12PM and 6PM,16.3,0,0,0,0,2,0,0,0,0
2025-04-26T16:03:44.9300000,2025,April,4,26,6,Saturday,Yes,16,Between 12PM and 6PM,16.3,0,0,0,0,2,0,0,0,0
2025-04-26T16:03:48.2000000,2025,April,4,26,6,Saturday,Yes,16,Between 12PM and 6PM,16.3,0,0,0,0,2,0,0,0,0
2025-04-26T16:03:53.2200000,2025,April,4,26,6,Saturday,Yes,16,Between 12PM and 6PM,16.3,0,0,0,0,2,0,0,0,0
2025-04-26T16:03:55.8310000,2025,April,4,26,6,Saturday,Yes,16,Between 12PM and 6PM,16.3,0,0,0,0,2,0,0,0,0
2025-04-26T16:03:57.7270000,2025,April,4,26,6,Saturday,Yes,16,Between 12PM and 6PM,16.3,0,0,0,0,2,0,0,0,0
2025-04-26T16:04:00.4100000,2025,April,4,26,6,Saturday,Yes,16,Between 12PM and 6PM,16.4,0,0,0,0,2,0,0,0,0
2025-04-26T16:04:01.5170000,2025,April,4,26,6,Saturday,Yes,16,Between 12PM and 6PM,16.4,0,0,0,0,2,0,0,0,0
2025-04-26T16:04:03.0330000,2025,April,4,26,6,Saturday,Yes,16,Between 12PM and 6PM,16.4,0,0,0,0,2,0,0,0,0
2025-04-26T16:04:04.0740000,2025,April,4,26,6,Saturday,Yes,16,Between 12PM and 6PM,16.4,0,0,0,0,2,0,0,0,0
2025-04-26T16:04:05.0540000,2025,April,4,26,6,Saturday,Yes,16,Between 12PM and 6PM,16.4,0,0,0,0,2,0,0,0,0
2025-04-26T16:04:05.6060000,2025,April,4,26,6,Saturday,Yes,16,Between 12PM and 6PM,16.4,0,0,0,0,2,0,0,0,0
2025-04-26T16:04:06.6970000,2025,April,4,26,6,Saturday,Yes,16,Between 12PM and 6PM,16.4,0,0,0,0,2,0,0,0,0
2025-04-26T16:04:07.7700000,2025,April,4,26,6,Saturday,Yes,16,Between 12PM and 6PM,16.4,0,0,0,0,2,0,0,0,0
2025-04-26T16:04:08.3500000,2025,April,4,26,6,Saturday,Yes,16,Between 12PM and 6PM,16.4,0,0,0,0,2,0,0,0,0
2025-04-26T16:04:09.7330000,2025,April,4,26,6,Saturday,Yes,16,Between 12PM and 6PM,16.4,0,0,0,0,2,0,0,0,0
2025-04-26T16:04:13.5450000,2025,April,4,26,6,Saturday,Yes,16,Between 12PM and 6PM,16.4,0,0,0,0,2,0,0,0,0
2025-04-26T16:04:14.6520000,2025,April,4,26,6,Saturday,Yes,16,Between 12PM and 6PM,16.4,0,0,0,0,2,0,0,0,0
2025-04-26T16:04:23.5890000,2025,April,4,26,6,Saturday,Yes,16,Between 12PM and 6PM,16.4,0,0,0,0,2,0,0,0,0
2025-04-26T16:04:28.6290000,2025,April,4,26,6,Saturday,Yes,16,Between 12PM and 6PM,16.4,0,0,0,0,2,0,0,0,0
2025-04-26T16:04:29.2340000,2025,April,4,26,6,Saturday,Yes,16,Between 12PM and 6PM,16.4,0,0,0,0,2,0,0,0,0
2025-04-26T16:04:29.6090000,2025,April,4,26,6,Saturday,Yes,16,Between 12PM and 6PM,16.4,0,0,0,0,2,0,0,0,0
2025-04-26T16:04:30.0440000,2025,April,4,26,6,Saturday,Yes,16,Between 12PM and 6PM,16.4,0,0,0,0,2,0,0,0,0
2025-04-26T16:04:30.5460000,2025,April,4,26,6,Saturday,Yes,16,Between 12PM and 6PM,16.4,0,0,0,0,2,0,0,0,0
2025-04-26T16:04:32.2340000,2025,April,4,26,6,Saturday,Yes,16,Between 12PM and 6PM,16.4,0,0,0,0,2,0,0,0,0
2025-04-26T16:04:33.9260000,2025,April,4,26,6,Saturday,Yes,16,Between 12PM and 6PM,16.4,0,0,0,0,2,0,0,0,0
2025-04-26T16:04:36.0560000,2025,April,4,26,6,Saturday,Yes,16,Between 12PM and 6PM,16.4,0,0,0,0,2,0,0,0,0
2025-04-26T16:04:38.5220000,2025,April,4,26,6,Saturday,Yes,16,Between 12PM and 6PM,16.4,0,0,0,0,2,0,0,0,0
2025-04-26T16:04:39.1120000,2025,April,4,26,6,Saturday,Yes,16,Between 12PM and 6PM,16.4,0,0,0,0,2,0,0,0,0
2025-04-26T16:04:40.1850000,2025,April,4,26,6,Saturday,Yes,16,Between 12PM and 6PM,16.4,0,0,0,0,2,0,0,0,0
2025-04-26T16:04:40.9970000,2025,April,4,26,6,Saturday,Yes,16,Between 12PM and 6PM,16.4,0,0,0,0,2,0,0,0,0
2025-04-26T16:04:41.5450000,2025,April,4,26,6,Saturday,Yes,16,Between 12PM and 6PM,16.4,0,0,0,0,2,0,0,0,0
2025-04-26T16:04:42.8560000,2025,April,4,26,6,Saturday,Yes,16,Between 12PM and 6PM,16.4,0,0,0,0,2,0,0,0,0
2025-04-26T16:04:44.4060000,2025,April,4,26,6,Saturday,Yes,16,Between 12PM and 6PM,16.4,0,0,0,0,2,0,0,0,0
2025-04-26T16:15:03.9940000,2025,April,4,26,6,Saturday,Yes,16,Between 12PM and 6PM,16.15,0,0,0,0,1,0,0,0,0
2025-04-26T16:15:18.2050000,2025,April,4,26,6,Saturday,Yes,16,Between 12PM and 6PM,16.15,0,0,0,0,1,0,0,0,0
2025-04-26T16:19:30.8530000,2025,April,4,26,6,Saturday,Yes,16,Between 12PM and 6PM,16.19,0,0,0,0,1,0,0,0,0
2025-04-26T16:19:31.6210000,2025,April,4,26,6,Saturday,Yes,16,Between 12PM and 6PM,16.19,0,0,0,0,1,0,0,0,0
2025-04-26T16:19:33.4190000,2025,April,4,26,6,Saturday,Yes,16,Between 12PM and 6PM,16.19,0,0,1,0,1,0,1,0,0
2025-04-26T21:49:49.8990000,2025,April,4,26,6,Saturday,Yes,21,After 6PM,21.49,0,0,0,0,1,0,0,0,0
2025-04-26T21:52:37.8510000,2025,April,4,26,6,Saturday,Yes,21,After 6PM,21.52,0,0,0,0,2,0,0,0,0
2025-04-26T21:53:11.1500000,2025,April,4,26,6,Saturday,Yes,21,After 6PM,21.53,0,0,0,0,1,0,0,0,0
2025-04-26T23:38:14.3990000,2025,April,4,26,6,Saturday,Yes,23,After 6PM,23.38,0,0,0,0,2,0,0,0,0
2025-04-27T01:00:00.3370000,2025,April,4,27,0,Sunday,Yes,1,Before 6AM,1,0,0,0,0,2,0,0,0,0
2025-04-27T14:40:31.0520000,2025,April,4,27,0,Sunday,Yes,14,Between 12PM and 6PM,14.4,0,0,0,0,3,0,0,0,0
2025-04-27T14:40:37.6580000,2025,April,4,27,0,Sunday,Yes,14,Between 12PM and 6PM,14.4,0,0,0,0,2,0,0,0,0
2025-04-27T14:49:49.8410000,2025,April,4,27,0,Sunday,Yes,14,Between 12PM and 6PM,14.49,0,0,0,0,2,0,0,0,0
2025-04-27T14:49:59.8590000,2025,April,4,27,0,Sunday,Yes,14,Between 12PM and 6PM,14.49,0,0,0,0,2,0,0,0,0
2025-04-27T14:50:17.7300000,2025,April,4,27,0,Sunday,Yes,14,Between 12PM and 6PM,14.5,0,0,0,0,2,0,0,0,0
2025-04-27T14:50:19.1940000,2025,April,4,27,0,Sunday,Yes,14,Between 12PM and 6PM,14.5,0,0,0,0,2,0,0,0,0
2025-04-27T14:50:20.4220000,2025,April,4,27,0,Sunday,Yes,14,Between 12PM and 6PM,14.5,0,0,0,0,2,0,0,0,0
2025-04-27T14:50:21.0990000,2025,April,4,27,0,Sunday,Yes,14,Between 12PM and 6PM,14.5,0,0,0,0,2,0,0,0,0
2025-04-27T14:50:21.9950000,2025,April,4,27,0,Sunday,Yes,14,Between 12PM and 6PM,14.5,0,0,0,0,2,0,0,0,0
2025-04-27T14:50:23.6390000,2025,April,4,27,0,Sunday,Yes,14,Between 12PM and 6PM,14.5,0,0,0,0,2,0,0,0,0
2025-04-27T14:50:28.9820000,2025,April,4,27,0,Sunday,Yes,14,Between 12PM and 6PM,14.5,0,0,0,0,2,0,0,0,0
2025-04-27T14:53:57.0300000,2025,April,4,27,0,Sunday,Yes,14,Between 12PM and 6PM,14.53,0,0,0,0,4,0,0,0,0
2025-04-27T14:55:18.0270000,2025,April,4,27,0,Sunday,Yes,14,Between 12PM and 6PM,14.55,0,0,0,0,4,0,0,0,0
2025-04-27T14:55:22.7410000,2025,April,4,27,0,Sunday,Yes,14,Between 12PM and 6PM,14.55,0,0,0,0,1,0,0,0,0
2025-04-27T14:55:37.6430000,2025,April,4,27,0,Sunday,Yes,14,Between 12PM and 6PM,14.55,0,0,0,0,2,0,0,0,0
2025-04-27T14:55:47.3510000,2025,April,4,27,0,Sunday,Yes,14,Between 12PM and 6PM,14.55,0,0,0,0,2,0,0,0,0
2025-04-27T14:56:21.6950000,2025,April,4,27,0,Sunday,Yes,14,Between 12PM and 6PM,14.56,0,0,0,0,1,0,0,0,0
2025-04-27T14:56:29.0130000,2025,April,4,27,0,Sunday,Yes,14,Between 12PM and 6PM,14.56,0,0,0,0,2,0,0,0,0
2025-04-27T14:59:46.9070000,2025,April,4,27,0,Sunday,Yes,14,Between 12PM and 6PM,14.59,0,0,0,0,1,0,0,0,0
2025-04-27T14:59:47.6070000,2025,April,4,27,0,Sunday,Yes,14,Between 12PM and 6PM,14.59,0,0,0,0,1,0,0,0,0
2025-04-27T15:08:25.2570000,2025,April,4,27,0,Sunday,Yes,15,Between 12PM and 6PM,15.8,0,0,0,0,1,0,0,0,0
2025-04-27T15:09:07.7090000,2025,April,4,27,0,Sunday,Yes,15,Between 12PM and 6PM,15.9,0,0,0,0,1,0,0,0,0
2025-04-27T15:09:09.4320000,2025,April,4,27,0,Sunday,Yes,15,Between 12PM and 6PM,15.9,0,0,0,0,1,0,0,0,0
2025-04-27T15:10:23.9770000,2025,April,4,27,0,Sunday,Yes,15,Between 12PM and 6PM,15.1,0,0,1,0,1,0,1,0,0
2025-04-27T15:13:05.2110000,2025,April,4,27,0,Sunday,Yes,15,Between 12PM and 6PM,15.13,0,0,0,0,1,0,0,0,0
2025-04-27T15:14:02.3400000,2025,April,4,27,0,Sunday,Yes,15,Between 12PM and 6PM,15.14,0,0,0,0,1,0,0,0,0
2025-04-27T15:17:43.4770000,2025,April,4,27,0,Sunday,Yes,15,Between 12PM and 6PM,15.17,0,0,0,0,1,0,0,0,0
2025-04-27T15:17:55.4440000,2025,April,4,27,0,Sunday,Yes,15,Between 12PM and 6PM,15.17,0,0,0,0,1,0,0,0,0
2025-04-27T15:18:15.2430000,2025,April,4,27,0,Sunday,Yes,15,Between 12PM and 6PM,15.18,0,0,0,0,1,0,0,0,0
2025-04-27T15:18:16.2280000,2025,April,4,27,0,Sunday,Yes,15,Between 12PM and 6PM,15.18,0,0,0,0,1,0,0,0,0
2025-04-27T15:27:06.7250000,2025,April,4,27,0,Sunday,Yes,15,Between 12PM and 6PM,15.27,0,0,0,0,1,0,0,0,0
2025-04-27T15:27:07.4470000,2025,April,4,27,0,Sunday,Yes,15,Between 12PM and 6PM,15.27,0,0,0,0,1,0,0,0,0
2025-04-27T15:27:12.3610000,2025,April,4,27,0,Sunday,Yes,15,Between 12PM and 6PM,15.27,0,0,1,0,1,0,1,0,0
2025-04-27T15:28:00.7450000,2025,April,4,27,0,Sunday,Yes,15,Between 12PM and 6PM,15.28,0,0,0,0,1,0,0,0,0
2025-04-27T15:30:03.6190000,2025,April,4,27,0,Sunday,Yes,15,Between 12PM and 6PM,15.3,0,0,0,0,1,0,0,0,0
2025-04-27T15:39:30.3670000,2025,April,4,27,0,Sunday,Yes,15,Between 12PM and 6PM,15.39,0,0,0,0,1,0,0,0,0
2025-04-27T15:39:38.3320000,2025,April,4,27,0,Sunday,Yes,15,Between 12PM and 6PM,15.39,0,0,0,0,1,0,0,0,0
2025-04-27T15:41:04.4800000,2025,April,4,27,0,Sunday,Yes,15,Between 12PM and 6PM,15.41,0,0,0,0,1,0,0,0,0
2025-04-27T15:45:00.2010000,2025,April,4,27,0,Sunday,Yes,15,Between 12PM and 6PM,15.45,0,0,0,0,1,0,0,0,0
2025-04-27T15:47:47.9080000,2025,April,4,27,0,Sunday,Yes,15,Between 12PM and 6PM,15.47,0,0,0,0,1,0,0,0,0
2025-04-27T15:49:01.1180000,2025,April,4,27,0,Sunday,Yes,15,Between 12PM and 6PM,15.49,0,0,0,0,2,0,0,0,0
2025-04-27T15:49:41.3580000,2025,April,4,27,0,Sunday,Yes,15,Between 12PM and 6PM,15.49,0,0,0,0,7,0,0,0,0
2025-04-27T15:49:48.9150000,2025,April,4,27,0,Sunday,Yes,15,Between 12PM and 6PM,15.49,0,0,0,0,2,0,0,0,0
2025-04-27T15:56:02.3380000,2025,April,4,27,0,Sunday,Yes,15,Between 12PM and 6PM,15.56,0,0,0,0,2,0,0,0,0
2025-04-27T15:57:33.3660000,2025,April,4,27,0,Sunday,Yes,15,Between 12PM and 6PM,15.57,0,0,0,0,1,0,0,0,0
2025-04-27T16:04:22.4600000,2025,April,4,27,0,Sunday,Yes,16,Between 12PM and 6PM,16.4,0,0,0,0,2,0,0,0,0
2025-04-27T16:07:14.7210000,2025,April,4,27,0,Sunday,Yes,16,Between 12PM and 6PM,16.7,0,0,0,0,1,0,0,0,0
2025-04-27T16:07:34.0930000,2025,April,4,27,0,Sunday,Yes,16,Between 12PM and 6PM,16.7,0,0,0,0,1,0,0,0,0
2025-04-27T16:07:44.2950000,2025,April,4,27,0,Sunday,Yes,16,Between 12PM and 6PM,16.7,0,0,0,0,1,0,0,0,0
2025-04-27T16:07:58.4020000,2025,April,4,27,0,Sunday,Yes,16,Between 12PM and 6PM,16.7,0,0,0,0,1,0,0,0,0
2025-04-27T16:08:09.7500000,2025,April,4,27,0,Sunday,Yes,16,Between 12PM and 6PM,16.8,0,0,0,0,1,0,0,0,0
2025-04-27T16:08:11.5910000,2025,April,4,27,0,Sunday,Yes,16,Between 12PM and 6PM,16.8,0,0,0,0,1,0,0,0,0
2025-04-27T16:08:19.6480000,2025,April,4,27,0,Sunday,Yes,16,Between 12PM and 6PM,16.8,0,0,0,0,1,0,0,0,0
2025-04-27T16:08:23.1500000,2025,April,4,27,0,Sunday,Yes,16,Between 12PM and 6PM,16.8,0,0,0,0,1,0,0,0,0
2025-04-27T16:08:29.7800000,2025,April,4,27,0,Sunday,Yes,16,Between 12PM and 6PM,16.8,0,0,0,0,1,0,0,0,0
2025-04-27T16:08:32.9450000,2025,April,4,27,0,Sunday,Yes,16,Between 12PM and 6PM,16.8,0,0,0,0,1,0,0,0,0
2025-04-27T16:08:35.7790000,2025,April,4,27,0,Sunday,Yes,16,Between 12PM and 6PM,16.8,0,0,0,0,1,0,0,0,0
2025-04-27T16:08:39.8220000,2025,April,4,27,0,Sunday,Yes,16,Between 12PM and 6PM,16.8,0,0,0,0,1,0,0,0,0
2025-04-27T16:08:47.5930000,2025,April,4,27,0,Sunday,Yes,16,Between 12PM and 6PM,16.8,0,0,0,0,1,0,0,0,0
2025-04-27T16:08:49.7570000,2025,April,4,27,0,Sunday,Yes,16,Between 12PM and 6PM,16.8,0,0,0,0,1,0,0,0,0
2025-04-27T16:08:53.8990000,2025,April,4,27,0,Sunday,Yes,16,Between 12PM and 6PM,16.8,0,0,0,0,1,0,0,0,0
2025-04-27T16:09:05.5890000,2025,April,4,27,0,Sunday,Yes,16,Between 12PM and 6PM,16.9,0,0,0,0,1,0,0,0,0
2025-04-27T16:09:07.3850000,2025,April,4,27,0,Sunday,Yes,16,Between 12PM and 6PM,16.9,0,0,0,0,1,0,0,0,0
2025-04-27T16:09:10.4210000,2025,April,4,27,0,Sunday,Yes,16,Between 12PM and 6PM,16.9,0,0,0,0,1,0,0,0,0
2025-04-27T16:09:12.5920000,2025,April,4,27,0,Sunday,Yes,16,Between 12PM and 6PM,16.9,0,0,0,0,1,0,0,0,0
2025-04-27T16:09:20.4790000,2025,April,4,27,0,Sunday,Yes,16,Between 12PM and 6PM,16.9,0,0,0,0,1,0,0,0,0
2025-04-27T16:09:25.1100000,2025,April,4,27,0,Sunday,Yes,16,Between 12PM and 6PM,16.9,0,0,0,0,1,0,0,0,0
2025-04-27T16:09:49.0080000,2025,April,4,27,0,Sunday,Yes,16,Between 12PM and 6PM,16.9,0,0,0,0,1,0,0,0,0
2025-04-27T16:09:50.8050000,2025,April,4,27,0,Sunday,Yes,16,Between 12PM and 6PM,16.9,0,0,0,0,1,0,0,0,0
2025-04-27T16:10:04.5830000,2025,April,4,27,0,Sunday,Yes,16,Between 12PM and 6PM,16.1,0,0,0,0,1,0,0,0,0
2025-04-27T16:10:12.9600000,2025,April,4,27,0,Sunday,Yes,16,Between 12PM and 6PM,16.1,0,0,0,0,1,0,0,0,0
2025-04-27T16:10:29.1090000,2025,April,4,27,0,Sunday,Yes,16,Between 12PM and 6PM,16.1,0,0,0,0,1,0,0,0,0
2025-04-27T16:10:30.2670000,2025,April,4,27,0,Sunday,Yes,16,Between 12PM and 6PM,16.1,0,0,0,0,1,0,0,0,0
2025-04-27T16:10:34.8440000,2025,April,4,27,0,Sunday,Yes,16,Between 12PM and 6PM,16.1,0,0,0,0,1,0,0,0,0
2025-04-27T16:10:36.1820000,2025,April,4,27,0,Sunday,Yes,16,Between 12PM and 6PM,16.1,0,0,0,0,1,0,0,0,0
2025-04-27T16:10:48.7270000,2025,April,4,27,0,Sunday,Yes,16,Between 12PM and 6PM,16.1,0,0,0,0,1,0,0,0,0
2025-04-27T16:10:52.2700000,2025,April,4,27,0,Sunday,Yes,16,Between 12PM and 6PM,16.1,0,0,0,0,1,0,0,0,0
2025-04-27T16:11:08.5020000,2025,April,4,27,0,Sunday,Yes,16,Between 12PM and 6PM,16.11,0,0,0,0,1,0,0,0,0
2025-04-27T16:11:09.2890000,2025,April,4,27,0,Sunday,Yes,16,Between 12PM and 6PM,16.11,0,0,0,0,1,0,0,0,0
2025-04-27T16:11:10.5190000,2025,April,4,27,0,Sunday,Yes,16,Between 12PM and 6PM,16.11,0,0,0,0,1,0,0,0,0
2025-04-27T16:12:17.9360000,2025,April,4,27,0,Sunday,Yes,16,Between 12PM and 6PM,16.12,0,0,0,0,1,0,0,0,0
2025-04-27T16:12:20.9730000,2025,April,4,27,0,Sunday,Yes,16,Between 12PM and 6PM,16.12,0,0,0,0,1,0,0,0,0
2025-04-27T16:12:31.7280000,2025,April,4,27,0,Sunday,Yes,16,Between 12PM and 6PM,16.12,0,0,0,0,1,0,0,0,0
2025-04-27T16:12:43.5960000,2025,April,4,27,0,Sunday,Yes,16,Between 12PM and 6PM,16.12,0,0,0,0,1,0,0,0,0
2025-04-27T16:12:45.7970000,2025,April,4,27,0,Sunday,Yes,16,Between 12PM and 6PM,16.12,0,0,0,0,1,0,0,0,0
2025-04-27T16:12:50.4430000,2025,April,4,27,0,Sunday,Yes,16,Between 12PM and 6PM,16.12,0,0,0,0,1,0,0,0,0
2025-04-27T16:12:52.5480000,2025,April,4,27,0,Sunday,Yes,16,Between 12PM and 6PM,16.12,0,0,0,0,1,0,0,0,0
2025-04-27T16:14:29.4450000,2025,April,4,27,0,Sunday,Yes,16,Between 12PM and 6PM,16.14,0,0,0,0,1,0,0,0,0
2025-04-27T16:14:33.9290000,2025,April,4,27,0,Sunday,Yes,16,Between 12PM and 6PM,16.14,0,0,0,0,1,0,0,0,0
2025-04-27T16:14:38.3930000,2025,April,4,27,0,Sunday,Yes,16,Between 12PM and 6PM,16.14,0,0,0,0,1,0,0,0,0
2025-04-27T16:14:39.5060000,2025,April,4,27,0,Sunday,Yes,16,Between 12PM and 6PM,16.14,0,0,0,0,1,0,0,0,0
2025-04-27T16:14:42.4370000,2025,April,4,27,0,Sunday,Yes,16,Between 12PM and 6PM,16.14,0,0,0,0,1,0,0,0,0
2025-04-27T16:14:43.4790000,2025,April,4,27,0,Sunday,Yes,16,Between 12PM and 6PM,16.14,0,0,0,0,1,0,0,0,0
2025-04-27T16:14:55.7490000,2025,April,4,27,0,Sunday,Yes,16,Between 12PM and 6PM,16.14,0,0,0,0,1,0,0,0,0
2025-04-27T16:14:57.7890000,2025,April,4,27,0,Sunday,Yes,16,Between 12PM and 6PM,16.14,0,0,0,0,1,0,0,0,0
2025-04-27T16:15:04.9890000,2025,April,4,27,0,Sunday,Yes,16,Between 12PM and 6PM,16.15,0,0,0,0,1,0,0,0,0
2025-04-27T16:15:06.1460000,2025,April,4,27,0,Sunday,Yes,16,Between 12PM and 6PM,16.15,0,0,0,0,1,0,0,0,0
2025-04-27T16:15:12.7170000,2025,April,4,27,0,Sunday,Yes,16,Between 12PM and 6PM,16.15,0,0,0,0,1,0,0,0,0
2025-04-27T16:15:17.0900000,2025,April,4,27,0,Sunday,Yes,16,Between 12PM and 6PM,16.15,0,0,0,0,1,0,0,0,0
2025-04-27T16:15:19.4130000,2025,April,4,27,0,Sunday,Yes,16,Between 12PM and 6PM,16.15,0,0,0,0,1,0,0,0,0
2025-04-27T16:15:21.3970000,2025,April,4,27,0,Sunday,Yes,16,Between 12PM and 6PM,16.15,0,0,0,0,1,0,0,0,0
2025-04-27T16:15:23.9160000,2025,April,4,27,0,Sunday,Yes,16,Between 12PM and 6PM,16.15,0,0,0,0,1,0,0,0,0
2025-04-27T16:15:28.1960000,2025,April,4,27,0,Sunday,Yes,16,Between 12PM and 6PM,16.15,0,0,0,0,1,0,0,0,0
2025-04-27T16:15:33.9460000,2025,April,4,27,0,Sunday,Yes,16,Between 12PM and 6PM,16.15,0,0,0,0,1,0,0,0,0
2025-04-27T16:15:35.8310000,2025,April,4,27,0,Sunday,Yes,16,Between 12PM and 6PM,16.15,0,0,0,0,1,0,0,0,0
2025-04-27T16:15:37.7650000,2025,April,4,27,0,Sunday,Yes,16,Between 12PM and 6PM,16.15,0,0,0,0,1,0,0,0,0
2025-04-27T16:15:41.2020000,2025,April,4,27,0,Sunday,Yes,16,Between 12PM and 6PM,16.15,0,0,0,0,1,0,0,0,0
2025-04-27T16:15:42.4630000,2025,April,4,27,0,Sunday,Yes,16,Between 12PM and 6PM,16.15,0,0,0,0,1,0,0,0,0
2025-04-27T16:16:26.3060000,2025,April,4,27,0,Sunday,Yes,16,Between 12PM and 6PM,16.16,0,0,0,0,1,0,0,0,0
2025-04-27T16:16:29.0400000,2025,April,4,27,0,Sunday,Yes,16,Between 12PM and 6PM,16.16,0,0,0,0,1,0,0,0,0
2025-04-27T16:16:41.4920000,2025,April,4,27,0,Sunday,Yes,16,Between 12PM and 6PM,16.16,0,0,0,0,1,0,0,0,0
2025-04-27T16:17:26.8130000,2025,April,4,27,0,Sunday,Yes,16,Between 12PM and 6PM,16.17,0,0,0,0,1,0,0,0,0
2025-04-27T16:17:35.7990000,2025,April,4,27,0,Sunday,Yes,16,Between 12PM and 6PM,16.17,0,0,0,0,1,0,0,0,0
2025-04-27T16:17:37.2700000,2025,April,4,27,0,Sunday,Yes,16,Between 12PM and 6PM,16.17,0,0,0,0,1,0,0,0,0
2025-04-27T16:17:40.7270000,2025,April,4,27,0,Sunday,Yes,16,Between 12PM and 6PM,16.17,0,0,0,0,1,0,0,0,0
2025-04-27T16:17:42.7610000,2025,April,4,27,0,Sunday,Yes,16,Between 12PM and 6PM,16.17,0,0,0,0,1,0,0,0,0
2025-04-27T16:17:52.1920000,2025,April,4,27,0,Sunday,Yes,16,Between 12PM and 6PM,16.17,0,0,0,0,1,0,0,0,0
2025-04-27T16:17:57.7620000,2025,April,4,27,0,Sunday,Yes,16,Between 12PM and 6PM,16.17,0,0,0,0,1,0,0,0,0
2025-04-27T16:18:00.7750000,2025,April,4,27,0,Sunday,Yes,16,Between 12PM and 6PM,16.18,0,0,0,0,1,0,0,0,0
2025-04-27T16:18:09.1180000,2025,April,4,27,0,Sunday,Yes,16,Between 12PM and 6PM,16.18,0,0,0,0,1,0,0,0,0
2025-04-27T16:18:14.9660000,2025,April,4,27,0,Sunday,Yes,16,Between 12PM and 6PM,16.18,0,0,0,0,1,0,0,0,0
2025-04-27T16:18:20.7430000,2025,April,4,27,0,Sunday,Yes,16,Between 12PM and 6PM,16.18,0,0,0,0,1,0,0,0,0
2025-04-27T16:18:23.3470000,2025,April,4,27,0,Sunday,Yes,16,Between 12PM and 6PM,16.18,0,0,0,0,1,0,0,0,0
2025-04-27T16:18:27.3130000,2025,April,4,27,0,Sunday,Yes,16,Between 12PM and 6PM,16.18,0,0,0,0,1,0,0,0,0
2025-04-27T16:18:28.7370000,2025,April,4,27,0,Sunday,Yes,16,Between 12PM and 6PM,16.18,0,0,0,0,1,0,0,0,0
2025-04-27T16:18:35.4540000,2025,April,4,27,0,Sunday,Yes,16,Between 12PM and 6PM,16.18,0,0,0,0,1,0,0,0,0
2025-04-27T16:18:59.8810000,2025,April,4,27,0,Sunday,Yes,16,Between 12PM and 6PM,16.18,0,0,0,0,1,0,0,0,0
2025-04-27T16:19:10.1240000,2025,April,4,27,0,Sunday,Yes,16,Between 12PM and 6PM,16.19,0,0,0,0,1,0,0,0,0
2025-04-27T16:19:11.7500000,2025,April,4,27,0,Sunday,Yes,16,Between 12PM and 6PM,16.19,0,0,0,0,1,0,0,0,0
2025-04-27T16:19:15.3160000,2025,April,4,27,0,Sunday,Yes,16,Between 12PM and 6PM,16.19,0,0,0,0,1,0,0,0,0
2025-04-27T16:19:17.0490000,2025,April,4,27,0,Sunday,Yes,16,Between 12PM and 6PM,16.19,0,0,0,0,1,0,0,0,0
2025-04-27T16:19:23.9490000,2025,April,4,27,0,Sunday,Yes,16,Between 12PM and 6PM,16.19,0,0,0,0,1,0,0,0,0
2025-04-27T16:19:28.3800000,2025,April,4,27,0,Sunday,Yes,16,Between 12PM and 6PM,16.19,0,0,0,0,1,0,0,0,0
2025-04-27T16:19:33.1630000,2025,April,4,27,0,Sunday,Yes,16,Between 12PM and 6PM,16.19,0,0,0,0,1,0,0,0,0
2025-04-27T16:19:34.6230000,2025,April,4,27,0,Sunday,Yes,16,Between 12PM and 6PM,16.19,0,0,0,0,1,0,0,0,0
2025-04-27T16:19:36.0780000,2025,April,4,27,0,Sunday,Yes,16,Between 12PM and 6PM,16.19,0,0,0,0,1,0,0,0,0
2025-04-27T16:19:41.4840000,2025,April,4,27,0,Sunday,Yes,16,Between 12PM and 6PM,16.19,0,0,0,0,1,0,0,0,0
2025-04-27T16:19:42.6650000,2025,April,4,27,0,Sunday,Yes,16,Between 12PM and 6PM,16.19,0,0,0,0,1,0,0,0,0
2025-04-27T16:19:45.3320000,2025,April,4,27,0,Sunday,Yes,16,Between 12PM and 6PM,16.19,0,0,0,0,1,0,0,0,0
2025-04-27T16:19:54.9800000,2025,April,4,27,0,Sunday,Yes,16,Between 12PM and 6PM,16.19,0,0,0,0,1,0,0,0,0
2025-04-27T16:19:56.5950000,2025,April,4,27,0,Sunday,Yes,16,Between 12PM and 6PM,16.19,0,0,0,0,1,0,0,0,0
2025-04-27T16:20:01.1320000,2025,April,4,27,0,Sunday,Yes,16,Between 12PM and 6PM,16.2,0,0,0,0,1,0,0,0,0
2025-04-27T16:21:34.6460000,2025,April,4,27,0,Sunday,Yes,16,Between 12PM and 6PM,16.21,0,0,0,0,1,0,0,0,0
2025-04-27T16:21:55.2160000,2025,April,4,27,0,Sunday,Yes,16,Between 12PM and 6PM,16.21,0,0,0,0,1,0,0,0,0
2025-04-27T16:22:08.3720000,2025,April,4,27,0,Sunday,Yes,16,Between 12PM and 6PM,16.22,0,0,0,0,1,0,0,0,0
2025-04-27T16:22:11.9460000,2025,April,4,27,0,Sunday,Yes,16,Between 12PM and 6PM,16.22,0,0,0,0,1,0,0,0,0
2025-04-27T16:22:13.8940000,2025,April,4,27,0,Sunday,Yes,16,Between 12PM and 6PM,16.22,0,0,0,0,1,0,0,0,0
2025-04-27T16:22:17.2890000,2025,April,4,27,0,Sunday,Yes,16,Between 12PM and 6PM,16.22,0,0,0,0,1,0,0,0,0
2025-04-27T16:22:36.0190000,2025,April,4,27,0,Sunday,Yes,16,Between 12PM and 6PM,16.22,0,0,0,0,1,0,0,0,0
2025-04-27T16:22:39.3160000,2025,April,4,27,0,Sunday,Yes,16,Between 12PM and 6PM,16.22,0,0,0,0,1,0,0,0,0
2025-04-27T16:22:47.6160000,2025,April,4,27,0,Sunday,Yes,16,Between 12PM and 6PM,16.22,0,0,0,0,1,0,0,0,0
2025-04-27T16:23:01.4150000,2025,April,4,27,0,Sunday,Yes,16,Between 12PM and 6PM,16.23,0,0,0,0,1,0,0,0,0
2025-04-27T16:23:04.8000000,2025,April,4,27,0,Sunday,Yes,16,Between 12PM and 6PM,16.23,0,0,0,0,1,0,0,0,0
2025-04-27T16:23:22.1280000,2025,April,4,27,0,Sunday,Yes,16,Between 12PM and 6PM,16.23,0,0,0,0,1,0,0,0,0
2025-04-27T16:23:24.3890000,2025,April,4,27,0,Sunday,Yes,16,Between 12PM and 6PM,16.23,0,0,0,0,1,0,0,0,0
2025-04-27T16:24:26.9250000,2025,April,4,27,0,Sunday,Yes,16,Between 12PM and 6PM,16.24,0,0,0,0,1,0,0,0,0
2025-04-27T16:24:42.9010000,2025,April,4,27,0,Sunday,Yes,16,Between 12PM and 6PM,16.24,0,0,0,0,1,0,0,0,0
2025-04-27T16:24:55.1500000,2025,April,4,27,0,Sunday,Yes,16,Between 12PM and 6PM,16.24,0,0,0,0,1,0,0,0,0
2025-04-27T16:24:56.7830000,2025,April,4,27,0,Sunday,Yes,16,Between 12PM and 6PM,16.24,0,0,0,0,1,0,0,0,0
2025-04-27T16:25:07.3960000,2025,April,4,27,0,Sunday,Yes,16,Between 12PM and 6PM,16.25,0,0,0,0,1,0,0,0,0
2025-04-27T16:25:22.0290000,2025,April,4,27,0,Sunday,Yes,16,Between 12PM and 6PM,16.25,0,0,0,0,1,0,0,0,0
2025-04-27T16:25:25.0430000,2025,April,4,27,0,Sunday,Yes,16,Between 12PM and 6PM,16.25,0,0,0,0,1,0,0,0,0
2025-04-27T16:25:36.3290000,2025,April,4,27,0,Sunday,Yes,16,Between 12PM and 6PM,16.25,0,0,0,0,1,0,0,0,0
2025-04-27T16:25:54.6650000,2025,April,4,27,0,Sunday,Yes,16,Between 12PM and 6PM,16.25,0,0,0,0,1,0,0,0,0
2025-04-27T16:25:55.6840000,2025,April,4,27,0,Sunday,Yes,16,Between 12PM and 6PM,16.25,0,0,0,0,1,0,0,0,0
2025-04-27T16:26:00.4670000,2025,April,4,27,0,Sunday,Yes,16,Between 12PM and 6PM,16.26,0,0,0,0,1,0,0,0,0
2025-04-27T16:26:02.2350000,2025,April,4,27,0,Sunday,Yes,16,Between 12PM and 6PM,16.26,0,0,0,0,1,0,0,0,0
2025-04-27T16:26:12.3540000,2025,April,4,27,0,Sunday,Yes,16,Between 12PM and 6PM,16.26,0,0,0,0,1,0,0,0,0
2025-04-27T16:26:14.3200000,2025,April,4,27,0,Sunday,Yes,16,Between 12PM and 6PM,16.26,0,0,0,0,1,0,0,0,0
2025-04-27T16:26:17.7830000,2025,April,4,27,0,Sunday,Yes,16,Between 12PM and 6PM,16.26,0,0,0,0,1,0,0,0,0
2025-04-27T16:26:19.5790000,2025,April,4,27,0,Sunday,Yes,16,Between 12PM and 6PM,16.26,0,0,0,0,1,0,0,0,0
2025-04-27T16:27:42.8440000,2025,April,4,27,0,Sunday,Yes,16,Between 12PM and 6PM,16.27,0,0,0,0,1,0,0,0,0
2025-04-27T16:27:43.8660000,2025,April,4,27,0,Sunday,Yes,16,Between 12PM and 6PM,16.27,0,0,0,0,1,0,0,0,0
2025-04-27T16:28:08.8720000,2025,April,4,27,0,Sunday,Yes,16,Between 12PM and 6PM,16.28,0,0,0,0,1,0,0,0,0
2025-04-27T16:28:52.4830000,2025,April,4,27,0,Sunday,Yes,16,Between 12PM and 6PM,16.28,0,0,0,0,1,0,0,0,0
2025-04-27T16:29:00.5270000,2025,April,4,27,0,Sunday,Yes,16,Between 12PM and 6PM,16.29,0,0,0,0,1,0,0,0,0
2025-04-27T16:29:11.6060000,2025,April,4,27,0,Sunday,Yes,16,Between 12PM and 6PM,16.29,0,0,0,0,1,0,0,0,0
2025-04-27T16:29:22.0140000,2025,April,4,27,0,Sunday,Yes,16,Between 12PM and 6PM,16.29,0,0,0,0,1,0,0,0,0
2025-04-27T16:29:32.6200000,2025,April,4,27,0,Sunday,Yes,16,Between 12PM and 6PM,16.29,0,0,0,0,1,0,0,0,0
2025-04-27T16:30:00.3080000,2025,April,4,27,0,Sunday,Yes,16,Between 12PM and 6PM,16.3,0,0,0,0,2,0,0,0,0
2025-04-27T16:30:10.2950000,2025,April,4,27,0,Sunday,Yes,16,Between 12PM and 6PM,16.3,0,0,0,0,2,0,0,0,0
2025-04-27T16:30:32.2890000,2025,April,4,27,0,Sunday,Yes,16,Between 12PM and 6PM,16.3,0,0,0,0,2,0,0,0,0
2025-04-27T16:40:27.4290000,2025,April,4,27,0,Sunday,Yes,16,Between 12PM and 6PM,16.4,0,0,0,0,1,0,0,0,0
2025-04-27T16:40:29.9110000,2025,April,4,27,0,Sunday,Yes,16,Between 12PM and 6PM,16.4,0,0,0,0,1,0,0,0,0
2025-04-27T16:40:32.1440000,2025,April,4,27,0,Sunday,Yes,16,Between 12PM and 6PM,16.4,0,0,0,0,1,0,0,0,0
2025-04-27T16:40:35.2850000,2025,April,4,27,0,Sunday,Yes,16,Between 12PM and 6PM,16.4,0,0,0,0,1,0,0,0,0
2025-04-27T16:40:37.6020000,2025,April,4,27,0,Sunday,Yes,16,Between 12PM and 6PM,16.4,0,0,0,0,1,0,0,0,0
2025-04-27T16:40:50.2020000,2025,April,4,27,0,Sunday,Yes,16,Between 12PM and 6PM,16.4,0,0,0,0,2,0,0,0,0
2025-04-27T16:41:49.0470000,2025,April,4,27,0,Sunday,Yes,16,Between 12PM and 6PM,16.41,0,0,0,0,2,0,0,0,0
2025-04-27T16:43:00.4080000,2025,April,4,27,0,Sunday,Yes,16,Between 12PM and 6PM,16.43,0,0,0,0,1,0,0,0,0
2025-04-27T16:43:01.4460000,2025,April,4,27,0,Sunday,Yes,16,Between 12PM and 6PM,16.43,0,0,0,0,1,0,0,0,0
2025-04-27T16:43:09.6650000,2025,April,4,27,0,Sunday,Yes,16,Between 12PM and 6PM,16.43,0,0,0,0,1,0,0,0,0
2025-04-27T16:43:16.3270000,2025,April,4,27,0,Sunday,Yes,16,Between 12PM and 6PM,16.43,0,0,0,0,1,0,0,0,0
2025-04-27T16:43:20.2100000,2025,April,4,27,0,Sunday,Yes,16,Between 12PM and 6PM,16.43,0,0,0,0,1,0,0,0,0
2025-04-27T16:43:34.1960000,2025,April,4,27,0,Sunday,Yes,16,Between 12PM and 6PM,16.43,0,0,0,0,1,0,0,0,0
2025-04-27T16:43:43.4890000,2025,April,4,27,0,Sunday,Yes,16,Between 12PM and 6PM,16.43,0,0,0,0,1,0,0,0,0
2025-04-27T16:43:52.6120000,2025,April,4,27,0,Sunday,Yes,16,Between 12PM and 6PM,16.43,0,0,0,0,1,0,0,0,0
2025-04-27T16:44:00.9150000,2025,April,4,27,0,Sunday,Yes,16,Between 12PM and 6PM,16.44,0,0,0,0,1,0,0,0,0
2025-04-27T16:44:19.4850000,2025,April,4,27,0,Sunday,Yes,16,Between 12PM and 6PM,16.44,0,0,0,0,1,0,0,0,0
2025-04-27T16:44:24.9130000,2025,April,4,27,0,Sunday,Yes,16,Between 12PM and 6PM,16.44,0,0,0,0,1,0,0,0,0
2025-04-27T16:44:31.5970000,2025,April,4,27,0,Sunday,Yes,16,Between 12PM and 6PM,16.44,0,0,0,0,1,0,0,0,0
2025-04-27T16:44:33.3860000,2025,April,4,27,0,Sunday,Yes,16,Between 12PM and 6PM,16.44,0,0,0,0,1,0,0,0,0
2025-04-27T16:44:48.8270000,2025,April,4,27,0,Sunday,Yes,16,Between 12PM and 6PM,16.44,0,0,0,0,1,0,0,0,0
2025-04-27T16:45:10.1200000,2025,April,4,27,0,Sunday,Yes,16,Between 12PM and 6PM,16.45,0,0,0,0,1,0,0,0,0
2025-04-27T16:45:13.5310000,2025,April,4,27,0,Sunday,Yes,16,Between 12PM and 6PM,16.45,0,0,0,0,1,0,0,0,0
2025-04-27T16:45:14.6630000,2025,April,4,27,0,Sunday,Yes,16,Between 12PM and 6PM,16.45,0,0,0,0,1,0,0,0,0
2025-04-27T16:45:16.1280000,2025,April,4,27,0,Sunday,Yes,16,Between 12PM and 6PM,16.45,0,0,0,0,1,0,0,0,0
2025-04-27T16:45:25.1950000,2025,April,4,27,0,Sunday,Yes,16,Between 12PM and 6PM,16.45,0,0,0,0,1,0,0,0,0
2025-04-27T16:45:26.7410000,2025,April,4,27,0,Sunday,Yes,16,Between 12PM and 6PM,16.45,0,0,0,0,2,0,0,0,0
2025-04-27T16:45:34.9360000,2025,April,4,27,0,Sunday,Yes,16,Between 12PM and 6PM,16.45,0,0,0,0,2,0,0,0,0
2025-04-27T16:45:40.4020000,2025,April,4,27,0,Sunday,Yes,16,Between 12PM and 6PM,16.45,0,0,0,0,2,0,0,0,0
2025-04-27T16:46:12.8280000,2025,April,4,27,0,Sunday,Yes,16,Between 12PM and 6PM,16.46,0,0,0,0,1,0,0,0,0
2025-04-27T16:46:14.3490000,2025,April,4,27,0,Sunday,Yes,16,Between 12PM and 6PM,16.46,0,0,0,0,1,0,0,0,0
2025-04-27T16:46:17.1210000,2025,April,4,27,0,Sunday,Yes,16,Between 12PM and 6PM,16.46,0,0,0,0,1,0,0,0,0
2025-04-27T16:46:21.5610000,2025,April,4,27,0,Sunday,Yes,16,Between 12PM and 6PM,16.46,0,0,0,0,1,0,0,0,0
2025-04-27T16:46:23.7110000,2025,April,4,27,0,Sunday,Yes,16,Between 12PM and 6PM,16.46,0,0,0,0,1,0,0,0,0
2025-04-27T16:46:24.7760000,2025,April,4,27,0,Sunday,Yes,16,Between 12PM and 6PM,16.46,0,0,0,0,1,0,0,0,0
2025-04-27T16:46:26.2890000,2025,April,4,27,0,Sunday,Yes,16,Between 12PM and 6PM,16.46,0,0,0,0,1,0,0,0,0
2025-04-27T16:46:36.0300000,2025,April,4,27,0,Sunday,Yes,16,Between 12PM and 6PM,16.46,0,0,0,0,1,0,0,0,0
2025-04-27T16:47:29.9060000,2025,April,4,27,0,Sunday,Yes,16,Between 12PM and 6PM,16.47,0,0,0,0,1,0,0,0,0
2025-04-27T16:47:32.9460000,2025,April,4,27,0,Sunday,Yes,16,Between 12PM and 6PM,16.47,0,0,0,0,1,0,0,0,0
2025-04-27T16:47:42.6270000,2025,April,4,27,0,Sunday,Yes,16,Between 12PM and 6PM,16.47,0,0,0,0,1,0,0,0,0
2025-04-27T16:47:48.8400000,2025,April,4,27,0,Sunday,Yes,16,Between 12PM and 6PM,16.47,0,0,0,0,1,0,0,0,0
2025-04-27T16:47:56.7970000,2025,April,4,27,0,Sunday,Yes,16,Between 12PM and 6PM,16.47,0,0,0,0,1,0,0,0,0
2025-04-27T16:48:04.6930000,2025,April,4,27,0,Sunday,Yes,16,Between 12PM and 6PM,16.48,0,0,0,0,1,0,0,0,0
2025-04-27T16:48:07.1020000,2025,April,4,27,0,Sunday,Yes,16,Between 12PM and 6PM,16.48,0,0,0,0,1,0,0,0,0
2025-04-27T16:48:12.3780000,2025,April,4,27,0,Sunday,Yes,16,Between 12PM and 6PM,16.48,0,0,0,0,1,0,0,0,0
2025-04-27T16:48:14.4930000,2025,April,4,27,0,Sunday,Yes,16,Between 12PM and 6PM,16.48,0,0,0,0,1,0,0,0,0
2025-04-27T16:48:18.3280000,2025,April,4,27,0,Sunday,Yes,16,Between 12PM and 6PM,16.48,0,0,0,0,1,0,0,0,0
2025-04-27T16:48:21.5570000,2025,April,4,27,0,Sunday,Yes,16,Between 12PM and 6PM,16.48,0,0,0,0,1,0,0,0,0
2025-04-27T16:48:25.1020000,2025,April,4,27,0,Sunday,Yes,16,Between 12PM and 6PM,16.48,0,0,0,0,1,0,0,0,0
2025-04-27T16:48:26.8240000,2025,April,4,27,0,Sunday,Yes,16,Between 12PM and 6PM,16.48,0,0,0,0,1,0,0,0,0
2025-04-27T16:48:30.2970000,2025,April,4,27,0,Sunday,Yes,16,Between 12PM and 6PM,16.48,0,0,0,0,1,0,0,0,0
2025-04-27T16:48:31.9140000,2025,April,4,27,0,Sunday,Yes,16,Between 12PM and 6PM,16.48,0,0,0,0,1,0,0,0,0
2025-04-27T16:49:43.1480000,2025,April,4,27,0,Sunday,Yes,16,Between 12PM and 6PM,16.49,0,0,0,0,1,0,0,0,0
2025-04-27T16:49:46.4330000,2025,April,4,27,0,Sunday,Yes,16,Between 12PM and 6PM,16.49,0,0,0,0,1,0,0,0,0
2025-04-27T16:51:07.0050000,2025,April,4,27,0,Sunday,Yes,16,Between 12PM and 6PM,16.51,0,0,0,0,2,0,0,0,0
2025-04-27T16:51:11.6770000,2025,April,4,27,0,Sunday,Yes,16,Between 12PM and 6PM,16.51,0,0,0,0,2,0,0,0,0
2025-04-27T16:51:11.6850000,2025,April,4,27,0,Sunday,Yes,16,Between 12PM and 6PM,16.51,0,0,1,0,1,0,1,0,0
2025-04-27T16:51:46.7630000,2025,April,4,27,0,Sunday,Yes,16,Between 12PM and 6PM,16.51,0,0,0,0,1,0,0,0,0
2025-04-27T16:52:02.8120000,2025,April,4,27,0,Sunday,Yes,16,Between 12PM and 6PM,16.52,0,0,0,0,1,0,0,0,0
2025-04-27T16:52:09.9780000,2025,April,4,27,0,Sunday,Yes,16,Between 12PM and 6PM,16.52,0,0,0,0,1,0,0,0,0
