accessed date,accessed datetime,time,time (bin),Day of the month,Day of the Week,Day Name,Weekend,Month,Month Name,SDoH,PHQ9,CAGE-AID,GAD7,Total Websites,SDoH Percentage,PHQ9 Percentage,CAGE-AID Percentage,GAD7 Percentage
1/27/2025,2025-01-27T19:33:37.5574060,19,12PM to 8PM,27,1,Monday,No,1,January,0,0,0,0,1,0,0,0,0
1/27/2025,2025-01-27T19:33:38.6442440,19,12PM to 8PM,27,1,Monday,No,1,January,0,0,0,0,1,0,0,0,0
1/27/2025,2025-01-27T19:33:40.8756830,19,12PM to 8PM,27,1,Monday,No,1,January,0,0,0,0,2,0,0,0,0
1/27/2025,2025-01-27T19:41:40.6766080,19,12PM to 8PM,27,1,Monday,No,1,January,0,0,0,0,1,0,0,0,0
1/27/2025,2025-01-27T19:42:25.4331420,19,12PM to 8PM,27,1,Monday,No,1,January,0,0,0,0,1,0,0,0,0
1/27/2025,2025-01-27T19:43:38.1571330,19,12PM to 8PM,27,1,Monday,No,1,January,0,0,0,0,1,0,0,0,0
1/27/2025,2025-01-27T19:43:51.6648770,19,12PM to 8PM,27,1,Monday,No,1,January,0,0,0,0,1,0,0,0,0
1/27/2025,2025-01-27T19:44:39.7438980,19,12PM to 8PM,27,1,Monday,No,1,January,0,0,0,0,1,0,0,0,0
1/27/2025,2025-01-27T19:45:14.4412750,19,12PM to 8PM,27,1,Monday,No,1,January,0,0,0,0,1,0,0,0,0
1/27/2025,2025-01-27T19:46:32.0501020,19,12PM to 8PM,27,1,Monday,No,1,January,0,0,0,0,1,0,0,0,0
1/27/2025,2025-01-27T19:46:48.6590150,19,12PM to 8PM,27,1,Monday,No,1,January,0,0,0,0,1,0,0,0,0
1/27/2025,2025-01-27T19:48:03.2441170,19,12PM to 8PM,27,1,Monday,No,1,January,0,0,0,0,1,0,0,0,0
1/27/2025,2025-01-27T19:48:41.8014420,19,12PM to 8PM,27,1,Monday,No,1,January,0,0,1,0,1,0,0,1,0
1/27/2025,2025-01-27T19:49:41.4694520,19,12PM to 8PM,27,1,Monday,No,1,January,0,0,0,0,1,0,0,0,0
1/27/2025,2025-01-27T19:50:00.5970210,19,12PM to 8PM,27,1,Monday,No,1,January,0,0,0,0,1,0,0,0,0
1/27/2025,2025-01-27T19:50:22.5604600,19,12PM to 8PM,27,1,Monday,No,1,January,0,0,0,0,1,0,0,0,0
1/27/2025,2025-01-27T19:50:55.3824580,19,12PM to 8PM,27,1,Monday,No,1,January,0,0,0,0,1,0,0,0,0
1/27/2025,2025-01-27T19:52:29.4906690,19,12PM to 8PM,27,1,Monday,No,1,January,0,0,0,0,1,0,0,0,0
1/27/2025,2025-01-27T19:53:24.9147190,19,12PM to 8PM,27,1,Monday,No,1,January,0,0,0,0,1,0,0,0,0
1/27/2025,2025-01-27T19:53:42.6077300,19,12PM to 8PM,27,1,Monday,No,1,January,0,0,0,0,1,0,0,0,0
1/27/2025,2025-01-27T19:54:14.5248240,19,12PM to 8PM,27,1,Monday,No,1,January,0,0,0,0,1,0,0,0,0
1/27/2025,2025-01-27T19:54:21.0174090,19,12PM to 8PM,27,1,Monday,No,1,January,0,0,0,0,1,0,0,0,0
1/27/2025,2025-01-27T19:54:37.2015910,19,12PM to 8PM,27,1,Monday,No,1,January,0,0,0,0,1,0,0,0,0
1/27/2025,2025-01-27T19:54:59.0084040,19,12PM to 8PM,27,1,Monday,No,1,January,0,0,0,0,1,0,0,0,0
1/27/2025,2025-01-27T19:57:05.3557490,19,12PM to 8PM,27,1,Monday,No,1,January,0,0,0,0,1,0,0,0,0
1/27/2025,2025-01-27T19:57:14.0770740,19,12PM to 8PM,27,1,Monday,No,1,January,0,0,0,0,1,0,0,0,0
1/27/2025,2025-01-27T19:57:24.7763050,19,12PM to 8PM,27,1,Monday,No,1,January,0,0,0,0,1,0,0,0,0
1/27/2025,2025-01-27T19:57:55.0094580,19,12PM to 8PM,27,1,Monday,No,1,January,0,0,0,0,1,0,0,0,0
1/27/2025,2025-01-27T19:58:10.7886570,19,12PM to 8PM,27,1,Monday,No,1,January,0,0,0,0,1,0,0,0,0
1/27/2025,2025-01-27T19:58:35.1748780,19,12PM to 8PM,27,1,Monday,No,1,January,0,0,0,0,1,0,0,0,0
1/27/2025,2025-01-27T19:58:48.2797130,19,12PM to 8PM,27,1,Monday,No,1,January,0,0,0,0,1,0,0,0,0
1/27/2025,2025-01-27T19:59:11.5075020,19,12PM to 8PM,27,1,Monday,No,1,January,0,0,1,1,1,0,0,1,1
1/27/2025,2025-01-27T19:59:24.4632430,19,12PM to 8PM,27,1,Monday,No,1,January,0,0,0,0,1,0,0,0,0
1/27/2025,2025-01-27T20:00:29.9680880,20,12PM to 8PM,27,1,Monday,No,1,January,0,0,0,0,1,0,0,0,0
1/27/2025,2025-01-27T20:00:59.2362750,20,12PM to 8PM,27,1,Monday,No,1,January,0,0,0,0,1,0,0,0,0
1/27/2025,2025-01-27T20:01:39.8564700,20,12PM to 8PM,27,1,Monday,No,1,January,0,0,0,0,1,0,0,0,0
1/27/2025,2025-01-27T20:02:34.7065190,20,12PM to 8PM,27,1,Monday,No,1,January,0,0,0,0,1,0,0,0,0
1/27/2025,2025-01-27T20:03:33.6093510,20,12PM to 8PM,27,1,Monday,No,1,January,0,0,0,0,1,0,0,0,0
1/27/2025,2025-01-27T20:04:00.5558630,20,12PM to 8PM,27,1,Monday,No,1,January,0,0,0,0,1,0,0,0,0
1/27/2025,2025-01-27T20:04:34.2743440,20,12PM to 8PM,27,1,Monday,No,1,January,0,0,0,0,1,0,0,0,0
1/27/2025,2025-01-27T20:04:45.9995000,20,12PM to 8PM,27,1,Monday,No,1,January,0,0,0,0,1,0,0,0,0
1/27/2025,2025-01-27T20:05:38.6661850,20,12PM to 8PM,27,1,Monday,No,1,January,0,0,0,0,1,0,0,0,0
1/27/2025,2025-01-27T20:06:23.8924930,20,12PM to 8PM,27,1,Monday,No,1,January,0,0,0,0,1,0,0,0,0
1/27/2025,2025-01-27T20:06:36.7664540,20,12PM to 8PM,27,1,Monday,No,1,January,0,0,0,0,1,0,0,0,0
1/27/2025,2025-01-27T20:08:59.7830390,20,12PM to 8PM,27,1,Monday,No,1,January,0,0,0,0,1,0,0,0,0
1/27/2025,2025-01-27T20:09:00.0695150,20,12PM to 8PM,27,1,Monday,No,1,January,0,0,0,0,1,0,0,0,0
1/27/2025,2025-01-27T20:09:33.3312650,20,12PM to 8PM,27,1,Monday,No,1,January,0,0,0,0,1,0,0,0,0
1/27/2025,2025-01-27T20:09:39.7363280,20,12PM to 8PM,27,1,Monday,No,1,January,0,0,0,0,1,0,0,0,0
1/27/2025,2025-01-27T20:09:39.7455380,20,12PM to 8PM,27,1,Monday,No,1,January,0,0,0,0,1,0,0,0,0
1/27/2025,2025-01-27T20:42:44.1287080,20,12PM to 8PM,27,1,Monday,No,1,January,0,0,0,0,1,0,0,0,0
1/27/2025,2025-01-27T20:44:19.3138040,20,12PM to 8PM,27,1,Monday,No,1,January,0,0,0,0,1,0,0,0,0
1/27/2025,2025-01-27T20:44:29.8783870,20,12PM to 8PM,27,1,Monday,No,1,January,0,0,0,0,1,0,0,0,0
1/27/2025,2025-01-27T20:44:57.1206480,20,12PM to 8PM,27,1,Monday,No,1,January,0,0,0,0,1,0,0,0,0
1/27/2025,2025-01-27T20:55:29.3069530,20,12PM to 8PM,27,1,Monday,No,1,January,0,0,0,0,1,0,0,0,0
1/27/2025,2025-01-27T20:55:35.1974480,20,12PM to 8PM,27,1,Monday,No,1,January,0,0,0,0,1,0,0,0,0
1/27/2025,2025-01-27T21:10:28.0698990,21,After 8PM,27,1,Monday,No,1,January,0,0,0,0,1,0,0,0,0
1/27/2025,2025-01-27T21:18:06.9058700,21,After 8PM,27,1,Monday,No,1,January,0,0,0,0,1,0,0,0,0
1/27/2025,2025-01-27T21:32:59.4805270,21,After 8PM,27,1,Monday,No,1,January,0,0,0,0,1,0,0,0,0
1/27/2025,2025-01-27T21:33:18.0551810,21,After 8PM,27,1,Monday,No,1,January,0,0,0,0,1,0,0,0,0
1/28/2025,2025-01-28T19:51:40.4089900,19,12PM to 8PM,28,2,Tuesday,No,1,January,0,0,0,0,1,0,0,0,0
1/28/2025,2025-01-28T19:51:47.2770600,19,12PM to 8PM,28,2,Tuesday,No,1,January,0,0,0,0,1,0,0,0,0
1/28/2025,2025-01-28T19:51:52.6025230,19,12PM to 8PM,28,2,Tuesday,No,1,January,0,0,0,0,1,0,0,0,0
1/28/2025,2025-01-28T19:52:03.5857580,19,12PM to 8PM,28,2,Tuesday,No,1,January,0,0,0,0,1,0,0,0,0
1/28/2025,2025-01-28T19:53:17.6619980,19,12PM to 8PM,28,2,Tuesday,No,1,January,0,0,0,0,1,0,0,0,0
1/28/2025,2025-01-28T19:53:38.7876470,19,12PM to 8PM,28,2,Tuesday,No,1,January,0,0,0,0,3,0,0,0,0
1/28/2025,2025-01-28T19:54:01.4565950,19,12PM to 8PM,28,2,Tuesday,No,1,January,0,0,0,0,1,0,0,0,0
1/28/2025,2025-01-28T19:54:02.2067990,19,12PM to 8PM,28,2,Tuesday,No,1,January,0,0,0,0,1,0,0,0,0
1/28/2025,2025-01-28T19:54:02.9798040,19,12PM to 8PM,28,2,Tuesday,No,1,January,0,0,0,0,1,0,0,0,0
1/28/2025,2025-01-28T19:54:03.6595440,19,12PM to 8PM,28,2,Tuesday,No,1,January,0,0,0,0,1,0,0,0,0
1/28/2025,2025-01-28T19:55:35.3878290,19,12PM to 8PM,28,2,Tuesday,No,1,January,0,0,0,0,1,0,0,0,0
1/28/2025,2025-01-28T19:55:35.6566910,19,12PM to 8PM,28,2,Tuesday,No,1,January,0,0,0,0,1,0,0,0,0
1/28/2025,2025-01-28T19:56:42.8768670,19,12PM to 8PM,28,2,Tuesday,No,1,January,0,0,0,0,1,0,0,0,0
1/28/2025,2025-01-28T19:56:43.1697880,19,12PM to 8PM,28,2,Tuesday,No,1,January,0,0,0,0,1,0,0,0,0
1/28/2025,2025-01-28T20:10:06.7769390,20,12PM to 8PM,28,2,Tuesday,No,1,January,0,0,0,0,1,0,0,0,0
1/28/2025,2025-01-28T20:16:45.0906370,20,12PM to 8PM,28,2,Tuesday,No,1,January,0,0,0,0,1,0,0,0,0
1/28/2025,2025-01-28T20:16:47.0141540,20,12PM to 8PM,28,2,Tuesday,No,1,January,0,0,0,0,1,0,0,0,0
1/28/2025,2025-01-28T20:16:52.1371220,20,12PM to 8PM,28,2,Tuesday,No,1,January,0,0,0,0,1,0,0,0,0
1/28/2025,2025-01-28T20:17:00.3843170,20,12PM to 8PM,28,2,Tuesday,No,1,January,0,0,0,0,1,0,0,0,0
1/28/2025,2025-01-28T21:25:42.8510630,21,After 8PM,28,2,Tuesday,No,1,January,0,0,0,0,1,0,0,0,0
1/28/2025,2025-01-28T21:25:42.8678320,21,After 8PM,28,2,Tuesday,No,1,January,0,0,0,0,1,0,0,0,0
1/28/2025,2025-01-28T21:26:16.8252230,21,After 8PM,28,2,Tuesday,No,1,January,0,0,0,0,1,0,0,0,0
2/4/2025,2025-02-04T14:10:29.0013620,14,12PM to 8PM,4,2,Tuesday,No,2,February,0,0,0,0,1,0,0,0,0
2/4/2025,2025-02-04T14:10:48.6498550,14,12PM to 8PM,4,2,Tuesday,No,2,February,0,0,0,0,2,0,0,0,0
2/4/2025,2025-02-04T14:11:09.4436610,14,12PM to 8PM,4,2,Tuesday,No,2,February,0,0,0,0,1,0,0,0,0
2/4/2025,2025-02-04T14:11:12.3712390,14,12PM to 8PM,4,2,Tuesday,No,2,February,0,0,0,0,1,0,0,0,0
2/4/2025,2025-02-04T14:12:26.3928760,14,12PM to 8PM,4,2,Tuesday,No,2,February,0,0,0,0,1,0,0,0,0
2/4/2025,2025-02-04T14:26:38.7296170,14,12PM to 8PM,4,2,Tuesday,No,2,February,0,0,0,0,1,0,0,0,0
2/4/2025,2025-02-04T14:30:00.0129090,14,12PM to 8PM,4,2,Tuesday,No,2,February,0,0,0,0,1,0,0,0,0
2/4/2025,2025-02-04T14:32:22.8630140,14,12PM to 8PM,4,2,Tuesday,No,2,February,0,0,0,0,1,0,0,0,0
2/4/2025,2025-02-04T14:32:23.9336140,14,12PM to 8PM,4,2,Tuesday,No,2,February,0,0,0,0,1,0,0,0,0
2/4/2025,2025-02-04T14:34:28.0936620,14,12PM to 8PM,4,2,Tuesday,No,2,February,0,0,0,0,1,0,0,0,0
2/4/2025,2025-02-04T14:34:28.9053210,14,12PM to 8PM,4,2,Tuesday,No,2,February,0,0,0,0,1,0,0,0,0
2/4/2025,2025-02-04T14:34:54.6677800,14,12PM to 8PM,4,2,Tuesday,No,2,February,0,0,0,0,1,0,0,0,0
2/4/2025,2025-02-04T14:37:34.8550670,14,12PM to 8PM,4,2,Tuesday,No,2,February,0,0,0,0,1,0,0,0,0
2/4/2025,2025-02-04T14:37:36.7203130,14,12PM to 8PM,4,2,Tuesday,No,2,February,0,0,0,0,1,0,0,0,0
2/4/2025,2025-02-04T14:37:41.6340360,14,12PM to 8PM,4,2,Tuesday,No,2,February,0,0,0,0,1,0,0,0,0
2/4/2025,2025-02-04T14:37:46.1079130,14,12PM to 8PM,4,2,Tuesday,No,2,February,0,0,0,0,1,0,0,0,0
2/4/2025,2025-02-04T14:39:44.4226410,14,12PM to 8PM,4,2,Tuesday,No,2,February,0,0,0,0,1,0,0,0,0
2/4/2025,2025-02-04T14:40:02.5635980,14,12PM to 8PM,4,2,Tuesday,No,2,February,0,0,0,0,1,0,0,0,0
2/4/2025,2025-02-04T14:40:06.3679170,14,12PM to 8PM,4,2,Tuesday,No,2,February,0,0,0,0,1,0,0,0,0
2/4/2025,2025-02-04T14:40:11.2011450,14,12PM to 8PM,4,2,Tuesday,No,2,February,0,0,0,0,1,0,0,0,0
2/4/2025,2025-02-04T14:54:44.1972100,14,12PM to 8PM,4,2,Tuesday,No,2,February,0,0,0,0,2,0,0,0,0
2/4/2025,2025-02-04T15:01:38.2583000,15,12PM to 8PM,4,2,Tuesday,No,2,February,0,0,0,0,1,0,0,0,0
2/4/2025,2025-02-04T15:05:42.8952410,15,12PM to 8PM,4,2,Tuesday,No,2,February,0,0,0,0,1,0,0,0,0
2/4/2025,2025-02-04T15:09:24.2183020,15,12PM to 8PM,4,2,Tuesday,No,2,February,0,0,0,0,1,0,0,0,0
2/4/2025,2025-02-04T15:41:57.3283190,15,12PM to 8PM,4,2,Tuesday,No,2,February,0,0,0,0,1,0,0,0,0
2/4/2025,2025-02-04T15:42:06.2738710,15,12PM to 8PM,4,2,Tuesday,No,2,February,0,0,0,0,1,0,0,0,0
2/4/2025,2025-02-04T15:50:20.0644910,15,12PM to 8PM,4,2,Tuesday,No,2,February,0,0,0,0,1,0,0,0,0
2/4/2025,2025-02-04T16:04:22.5311700,16,12PM to 8PM,4,2,Tuesday,No,2,February,0,0,0,0,1,0,0,0,0
2/4/2025,2025-02-04T16:05:08.4726240,16,12PM to 8PM,4,2,Tuesday,No,2,February,0,0,0,0,2,0,0,0,0
2/4/2025,2025-02-04T16:13:51.7885660,16,12PM to 8PM,4,2,Tuesday,No,2,February,0,0,0,0,1,0,0,0,0
2/4/2025,2025-02-04T16:14:11.2794770,16,12PM to 8PM,4,2,Tuesday,No,2,February,0,0,0,0,1,0,0,0,0
2/4/2025,2025-02-04T16:15:45.1716090,16,12PM to 8PM,4,2,Tuesday,No,2,February,0,0,0,0,1,0,0,0,0
2/4/2025,2025-02-04T16:19:08.7419340,16,12PM to 8PM,4,2,Tuesday,No,2,February,0,0,0,0,1,0,0,0,0
2/4/2025,2025-02-04T18:18:03.2892680,18,12PM to 8PM,4,2,Tuesday,No,2,February,0,0,0,0,1,0,0,0,0
2/4/2025,2025-02-04T19:13:24.0540780,19,12PM to 8PM,4,2,Tuesday,No,2,February,0,0,0,0,1,0,0,0,0
2/4/2025,2025-02-04T19:13:28.9800880,19,12PM to 8PM,4,2,Tuesday,No,2,February,0,0,0,0,1,0,0,0,0
2/4/2025,2025-02-04T20:45:49.6346520,20,12PM to 8PM,4,2,Tuesday,No,2,February,0,0,0,0,1,0,0,0,0
2/4/2025,2025-02-04T20:47:07.2847590,20,12PM to 8PM,4,2,Tuesday,No,2,February,0,0,0,0,1,0,0,0,0
2/4/2025,2025-02-04T20:47:17.8977130,20,12PM to 8PM,4,2,Tuesday,No,2,February,0,0,0,0,1,0,0,0,0
2/5/2025,2025-02-05T15:52:26.4903070,15,12PM to 8PM,5,3,Wednesday,No,2,February,0,0,0,0,1,0,0,0,0
2/5/2025,2025-02-05T16:13:46.6581780,16,12PM to 8PM,5,3,Wednesday,No,2,February,0,0,0,0,1,0,0,0,0
2/5/2025,2025-02-05T16:14:16.2423010,16,12PM to 8PM,5,3,Wednesday,No,2,February,0,0,0,0,3,0,0,0,0
2/5/2025,2025-02-05T16:14:41.7817320,16,12PM to 8PM,5,3,Wednesday,No,2,February,0,0,0,0,1,0,0,0,0
2/5/2025,2025-02-05T16:18:31.8402420,16,12PM to 8PM,5,3,Wednesday,No,2,February,0,0,0,0,1,0,0,0,0
2/5/2025,2025-02-05T16:18:43.5612090,16,12PM to 8PM,5,3,Wednesday,No,2,February,0,0,0,0,1,0,0,0,0
2/5/2025,2025-02-05T16:18:49.8225390,16,12PM to 8PM,5,3,Wednesday,No,2,February,0,0,0,0,1,0,0,0,0
2/5/2025,2025-02-05T16:18:50.3154620,16,12PM to 8PM,5,3,Wednesday,No,2,February,0,0,0,0,1,0,0,0,0
2/5/2025,2025-02-05T16:18:51.9873350,16,12PM to 8PM,5,3,Wednesday,No,2,February,0,0,0,0,1,0,0,0,0
2/5/2025,2025-02-05T16:18:52.5087930,16,12PM to 8PM,5,3,Wednesday,No,2,February,0,0,0,0,1,0,0,0,0
2/5/2025,2025-02-05T16:55:53.1223520,16,12PM to 8PM,5,3,Wednesday,No,2,February,0,0,0,0,1,0,0,0,0
2/5/2025,2025-02-05T17:21:20.1844090,17,12PM to 8PM,5,3,Wednesday,No,2,February,0,0,0,0,1,0,0,0,0
2/5/2025,2025-02-05T17:23:50.4037860,17,12PM to 8PM,5,3,Wednesday,No,2,February,0,0,0,0,1,0,0,0,0
2/5/2025,2025-02-05T17:24:46.9419390,17,12PM to 8PM,5,3,Wednesday,No,2,February,0,0,0,0,2,0,0,0,0
2/5/2025,2025-02-05T18:27:08.2974320,18,12PM to 8PM,5,3,Wednesday,No,2,February,0,0,0,0,2,0,0,0,0
2/5/2025,2025-02-05T18:27:39.9242120,18,12PM to 8PM,5,3,Wednesday,No,2,February,0,0,0,0,1,0,0,0,0
2/5/2025,2025-02-05T18:27:45.0087000,18,12PM to 8PM,5,3,Wednesday,No,2,February,0,0,0,1,1,0,0,0,1
2/5/2025,2025-02-05T18:27:48.1189170,18,12PM to 8PM,5,3,Wednesday,No,2,February,0,0,0,0,1,0,0,0,0
2/5/2025,2025-02-05T18:28:01.4070340,18,12PM to 8PM,5,3,Wednesday,No,2,February,0,1,0,1,1,0,1,0,1
2/5/2025,2025-02-05T18:29:37.0640190,18,12PM to 8PM,5,3,Wednesday,No,2,February,0,0,0,0,1,0,0,0,0
2/5/2025,2025-02-05T19:50:34.6932210,19,12PM to 8PM,5,3,Wednesday,No,2,February,1,0,0,0,1,1,0,0,0
2/5/2025,2025-02-05T19:50:35.8561700,19,12PM to 8PM,5,3,Wednesday,No,2,February,0,0,0,0,1,0,0,0,0
2/11/2025,2025-02-11T12:39:11.4728610,12,6AM to 12PM,11,2,Tuesday,No,2,February,0,0,0,0,1,0,0,0,0
2/15/2025,2025-02-15T23:20:08.4452960,23,After 8PM,15,6,Saturday,Yes,2,February,0,0,0,0,1,0,0,0,0
2/15/2025,2025-02-15T23:20:10.0357840,23,After 8PM,15,6,Saturday,Yes,2,February,0,0,0,0,2,0,0,0,0
2/16/2025,2025-02-16T00:29:41.3746910,0,Before 6AM,16,0,Sunday,Yes,2,February,0,0,0,0,1,0,0,0,0
2/16/2025,2025-02-16T00:29:42.1135130,0,Before 6AM,16,0,Sunday,Yes,2,February,0,0,0,0,1,0,0,0,0
2/16/2025,2025-02-16T03:04:28.8457240,3,Before 6AM,16,0,Sunday,Yes,2,February,0,0,0,0,1,0,0,0,0
2/16/2025,2025-02-16T03:04:29.6450230,3,Before 6AM,16,0,Sunday,Yes,2,February,0,0,0,0,1,0,0,0,0
2/16/2025,2025-02-16T03:04:32.3057590,3,Before 6AM,16,0,Sunday,Yes,2,February,0,0,0,0,1,0,0,0,0
2/17/2025,2025-02-17T18:16:58.1411500,18,12PM to 8PM,17,1,Monday,No,2,February,0,0,0,0,1,0,0,0,0
2/17/2025,2025-02-17T18:16:59.5339360,18,12PM to 8PM,17,1,Monday,No,2,February,0,0,0,0,2,0,0,0,0
2/17/2025,2025-02-17T18:17:07.0300290,18,12PM to 8PM,17,1,Monday,No,2,February,0,0,0,0,2,0,0,0,0
2/19/2025,2025-02-19T13:33:28.6627290,13,12PM to 8PM,19,3,Wednesday,No,2,February,0,0,0,0,1,0,0,0,0
2/19/2025,2025-02-19T13:33:49.5922810,13,12PM to 8PM,19,3,Wednesday,No,2,February,0,0,0,0,5,0,0,0,0
2/19/2025,2025-02-19T13:33:50.7652530,13,12PM to 8PM,19,3,Wednesday,No,2,February,0,0,0,0,1,0,0,0,0
2/19/2025,2025-02-19T13:34:24.8905640,13,12PM to 8PM,19,3,Wednesday,No,2,February,0,0,0,0,1,0,0,0,0
2/19/2025,2025-02-19T13:34:27.3382030,13,12PM to 8PM,19,3,Wednesday,No,2,February,0,0,0,0,1,0,0,0,0
2/19/2025,2025-02-19T13:34:40.0188340,13,12PM to 8PM,19,3,Wednesday,No,2,February,0,0,0,0,1,0,0,0,0
2/19/2025,2025-02-19T13:34:41.8311110,13,12PM to 8PM,19,3,Wednesday,No,2,February,0,0,0,0,1,0,0,0,0
2/19/2025,2025-02-19T13:34:43.4213140,13,12PM to 8PM,19,3,Wednesday,No,2,February,0,0,0,0,1,0,0,0,0
2/19/2025,2025-02-19T13:34:59.3569340,13,12PM to 8PM,19,3,Wednesday,No,2,February,0,0,0,0,1,0,0,0,0
2/19/2025,2025-02-19T13:52:42.3980810,13,12PM to 8PM,19,3,Wednesday,No,2,February,0,0,0,0,1,0,0,0,0
2/19/2025,2025-02-19T13:52:47.9238990,13,12PM to 8PM,19,3,Wednesday,No,2,February,0,0,0,0,1,0,0,0,0
2/19/2025,2025-02-19T13:52:50.5129630,13,12PM to 8PM,19,3,Wednesday,No,2,February,1,0,0,0,1,1,0,0,0
2/19/2025,2025-02-19T13:53:05.5461870,13,12PM to 8PM,19,3,Wednesday,No,2,February,0,0,0,0,2,0,0,0,0
2/19/2025,2025-02-19T13:53:22.9457930,13,12PM to 8PM,19,3,Wednesday,No,2,February,0,0,0,0,2,0,0,0,0
2/19/2025,2025-02-19T13:57:35.2157830,13,12PM to 8PM,19,3,Wednesday,No,2,February,0,0,0,0,1,0,0,0,0
2/19/2025,2025-02-19T13:57:53.4093390,13,12PM to 8PM,19,3,Wednesday,No,2,February,0,0,0,0,1,0,0,0,0
2/19/2025,2025-02-19T13:57:54.0342020,13,12PM to 8PM,19,3,Wednesday,No,2,February,0,0,0,0,1,0,0,0,0
2/19/2025,2025-02-19T13:57:54.5936850,13,12PM to 8PM,19,3,Wednesday,No,2,February,0,0,0,0,1,0,0,0,0
2/19/2025,2025-02-19T13:57:55.0733850,13,12PM to 8PM,19,3,Wednesday,No,2,February,0,0,0,0,1,0,0,0,0
2/19/2025,2025-02-19T13:58:09.6268050,13,12PM to 8PM,19,3,Wednesday,No,2,February,0,0,0,0,1,0,0,0,0
2/19/2025,2025-02-19T13:58:11.0510220,13,12PM to 8PM,19,3,Wednesday,No,2,February,0,0,0,0,1,0,0,0,0
2/19/2025,2025-02-19T13:58:12.8094030,13,12PM to 8PM,19,3,Wednesday,No,2,February,0,0,0,0,1,0,0,0,0
2/19/2025,2025-02-19T13:58:14.0342480,13,12PM to 8PM,19,3,Wednesday,No,2,February,0,0,0,0,1,0,0,0,0
2/19/2025,2025-02-19T13:58:22.2418120,13,12PM to 8PM,19,3,Wednesday,No,2,February,0,0,0,0,1,0,0,0,0
2/19/2025,2025-02-19T13:58:23.6638020,13,12PM to 8PM,19,3,Wednesday,No,2,February,0,0,0,0,1,0,0,0,0
2/19/2025,2025-02-19T13:58:24.9940420,13,12PM to 8PM,19,3,Wednesday,No,2,February,0,0,0,0,1,0,0,0,0
2/19/2025,2025-02-19T13:58:25.8185710,13,12PM to 8PM,19,3,Wednesday,No,2,February,0,0,0,0,1,0,0,0,0
2/19/2025,2025-02-19T13:58:30.1039310,13,12PM to 8PM,19,3,Wednesday,No,2,February,0,0,0,0,1,0,0,0,0
2/19/2025,2025-02-19T13:58:32.9465830,13,12PM to 8PM,19,3,Wednesday,No,2,February,0,0,0,0,1,0,0,0,0
2/19/2025,2025-02-19T13:58:33.6747630,13,12PM to 8PM,19,3,Wednesday,No,2,February,0,0,0,0,1,0,0,0,0
2/19/2025,2025-02-19T13:59:15.7110110,13,12PM to 8PM,19,3,Wednesday,No,2,February,0,0,0,0,1,0,0,0,0
2/19/2025,2025-02-19T13:59:21.1475630,13,12PM to 8PM,19,3,Wednesday,No,2,February,0,0,0,0,1,0,0,0,0
2/19/2025,2025-02-19T13:59:23.4597370,13,12PM to 8PM,19,3,Wednesday,No,2,February,0,0,0,0,1,0,0,0,0
2/19/2025,2025-02-19T13:59:23.6700600,13,12PM to 8PM,19,3,Wednesday,No,2,February,0,0,0,0,1,0,0,0,0
2/19/2025,2025-02-19T13:59:23.7560570,13,12PM to 8PM,19,3,Wednesday,No,2,February,0,0,0,0,1,0,0,0,0
2/19/2025,2025-02-19T13:59:23.8724900,13,12PM to 8PM,19,3,Wednesday,No,2,February,0,0,0,0,1,0,0,0,0
2/19/2025,2025-02-19T13:59:23.9648020,13,12PM to 8PM,19,3,Wednesday,No,2,February,0,0,0,0,1,0,0,0,0
2/19/2025,2025-02-19T13:59:24.4858690,13,12PM to 8PM,19,3,Wednesday,No,2,February,0,0,0,0,1,0,0,0,0
2/19/2025,2025-02-19T13:59:27.1462520,13,12PM to 8PM,19,3,Wednesday,No,2,February,0,0,0,0,1,0,0,0,0
2/19/2025,2025-02-19T13:59:35.0978950,13,12PM to 8PM,19,3,Wednesday,No,2,February,0,0,0,0,1,0,0,0,0
2/19/2025,2/19/2025 1:59:41 PM,13,12PM to 8PM,19,3,Wednesday,No,2,February,0,0,0,0,1,0,0,0,0
2/19/2025,2025-02-19T14:00:05.5402930,14,12PM to 8PM,19,3,Wednesday,No,2,February,0,0,0,0,1,0,0,0,0
2/19/2025,2025-02-19T14:00:54.7080900,14,12PM to 8PM,19,3,Wednesday,No,2,February,0,0,0,0,1,0,0,0,0
2/19/2025,2025-02-19T14:03:00.1616100,14,12PM to 8PM,19,3,Wednesday,No,2,February,0,0,0,0,1,0,0,0,0
2/19/2025,2025-02-19T14:03:24.0152070,14,12PM to 8PM,19,3,Wednesday,No,2,February,0,0,0,0,1,0,0,0,0
2/19/2025,2025-02-19T14:08:04.3638310,14,12PM to 8PM,19,3,Wednesday,No,2,February,0,0,0,0,1,0,0,0,0
2/19/2025,2025-02-19T14:08:10.2600550,14,12PM to 8PM,19,3,Wednesday,No,2,February,0,0,0,0,1,0,0,0,0
2/19/2025,2025-02-19T14:10:30.1348610,14,12PM to 8PM,19,3,Wednesday,No,2,February,0,0,0,0,1,0,0,0,0
2/19/2025,2025-02-19T14:16:01.5265420,14,12PM to 8PM,19,3,Wednesday,No,2,February,0,0,0,0,1,0,0,0,0
2/19/2025,2025-02-19T14:16:01.6729990,14,12PM to 8PM,19,3,Wednesday,No,2,February,0,0,0,0,1,0,0,0,0
2/19/2025,2025-02-19T14:16:07.5687430,14,12PM to 8PM,19,3,Wednesday,No,2,February,0,0,0,0,1,0,0,0,0
2/19/2025,2025-02-19T14:21:26.9308000,14,12PM to 8PM,19,3,Wednesday,No,2,February,0,0,0,0,1,0,0,0,0
2/19/2025,2025-02-19T14:21:30.3584140,14,12PM to 8PM,19,3,Wednesday,No,2,February,0,0,0,0,1,0,0,0,0
2/19/2025,2025-02-19T14:21:40.6649300,14,12PM to 8PM,19,3,Wednesday,No,2,February,0,0,0,0,1,0,0,0,0
2/19/2025,2025-02-19T14:21:45.9483540,14,12PM to 8PM,19,3,Wednesday,No,2,February,0,0,0,0,1,0,0,0,0
2/19/2025,2025-02-19T14:28:15.9938390,14,12PM to 8PM,19,3,Wednesday,No,2,February,0,0,0,0,1,0,0,0,0
2/19/2025,2025-02-19T14:30:57.5524660,14,12PM to 8PM,19,3,Wednesday,No,2,February,0,0,0,0,1,0,0,0,0
2/19/2025,2025-02-19T14:30:59.1052430,14,12PM to 8PM,19,3,Wednesday,No,2,February,0,0,0,0,1,0,0,0,0
2/19/2025,2025-02-19T14:31:01.9269160,14,12PM to 8PM,19,3,Wednesday,No,2,February,1,0,0,0,1,1,0,0,0
2/19/2025,2025-02-19T14:31:38.2460890,14,12PM to 8PM,19,3,Wednesday,No,2,February,0,0,0,0,1,0,0,0,0
2/19/2025,2025-02-19T14:31:39.9146120,14,12PM to 8PM,19,3,Wednesday,No,2,February,0,0,0,0,1,0,0,0,0
2/19/2025,2025-02-19T14:31:46.8203820,14,12PM to 8PM,19,3,Wednesday,No,2,February,0,0,0,0,1,0,0,0,0
2/19/2025,2025-02-19T14:31:57.7736850,14,12PM to 8PM,19,3,Wednesday,No,2,February,0,0,0,0,1,0,0,0,0
2/19/2025,2025-02-19T14:32:00.4911120,14,12PM to 8PM,19,3,Wednesday,No,2,February,0,0,0,0,1,0,0,0,0
2/19/2025,2025-02-19T14:32:02.2843230,14,12PM to 8PM,19,3,Wednesday,No,2,February,0,0,0,0,1,0,0,0,0
2/19/2025,2025-02-19T14:32:05.9230840,14,12PM to 8PM,19,3,Wednesday,No,2,February,0,0,0,0,1,0,0,0,0
2/19/2025,2025-02-19T14:38:51.9484560,14,12PM to 8PM,19,3,Wednesday,No,2,February,0,0,0,0,1,0,0,0,0
2/19/2025,2025-02-19T14:39:29.2227260,14,12PM to 8PM,19,3,Wednesday,No,2,February,0,0,0,0,1,0,0,0,0
2/19/2025,2025-02-19T14:41:49.5348960,14,12PM to 8PM,19,3,Wednesday,No,2,February,0,0,0,0,1,0,0,0,0
2/19/2025,2025-02-19T14:43:03.0099090,14,12PM to 8PM,19,3,Wednesday,No,2,February,0,0,0,0,1,0,0,0,0
2/19/2025,2025-02-19T14:43:14.9908170,14,12PM to 8PM,19,3,Wednesday,No,2,February,0,0,0,0,1,0,0,0,0
2/19/2025,2025-02-19T14:44:16.4389080,14,12PM to 8PM,19,3,Wednesday,No,2,February,0,0,0,0,1,0,0,0,0
2/19/2025,2025-02-19T14:44:50.6756260,14,12PM to 8PM,19,3,Wednesday,No,2,February,0,0,0,0,1,0,0,0,0
2/19/2025,2025-02-19T14:44:56.5231140,14,12PM to 8PM,19,3,Wednesday,No,2,February,0,0,0,0,1,0,0,0,0
2/19/2025,2025-02-19T14:45:05.9107080,14,12PM to 8PM,19,3,Wednesday,No,2,February,0,0,0,0,1,0,0,0,0
2/19/2025,2025-02-19T14:45:09.2579210,14,12PM to 8PM,19,3,Wednesday,No,2,February,0,0,0,0,1,0,0,0,0
2/19/2025,2025-02-19T14:45:21.1063340,14,12PM to 8PM,19,3,Wednesday,No,2,February,1,0,0,0,1,1,0,0,0
2/19/2025,2025-02-19T14:45:29.3743460,14,12PM to 8PM,19,3,Wednesday,No,2,February,0,0,0,0,1,0,0,0,0
2/19/2025,2025-02-19T14:45:30.4207800,14,12PM to 8PM,19,3,Wednesday,No,2,February,0,0,0,0,1,0,0,0,0
2/19/2025,2025-02-19T14:47:28.9531150,14,12PM to 8PM,19,3,Wednesday,No,2,February,0,0,0,0,1,0,0,0,0
2/19/2025,2025-02-19T14:47:30.4472960,14,12PM to 8PM,19,3,Wednesday,No,2,February,0,0,0,0,1,0,0,0,0
2/19/2025,2025-02-19T14:47:58.0685150,14,12PM to 8PM,19,3,Wednesday,No,2,February,0,0,0,0,1,0,0,0,0
2/19/2025,2025-02-19T14:48:07.2697470,14,12PM to 8PM,19,3,Wednesday,No,2,February,0,0,0,0,1,0,0,0,0
2/19/2025,2025-02-19T14:48:08.7028180,14,12PM to 8PM,19,3,Wednesday,No,2,February,0,0,0,0,1,0,0,0,0
2/19/2025,2025-02-19T14:48:10.3599320,14,12PM to 8PM,19,3,Wednesday,No,2,February,0,0,0,0,1,0,0,0,0
2/19/2025,2025-02-19T14:48:12.8449170,14,12PM to 8PM,19,3,Wednesday,No,2,February,0,0,0,0,1,0,0,0,0
2/19/2025,2025-02-19T14:48:23.1083920,14,12PM to 8PM,19,3,Wednesday,No,2,February,0,0,0,0,1,0,0,0,0
2/19/2025,2025-02-19T14:50:05.3976250,14,12PM to 8PM,19,3,Wednesday,No,2,February,0,0,0,0,1,0,0,0,0
2/19/2025,2025-02-19T14:50:06.7391360,14,12PM to 8PM,19,3,Wednesday,No,2,February,0,0,0,0,1,0,0,0,0
2/19/2025,2025-02-19T14:50:53.6966190,14,12PM to 8PM,19,3,Wednesday,No,2,February,0,0,0,0,1,0,0,0,0
2/19/2025,2025-02-19T15:37:00.5410950,15,12PM to 8PM,19,3,Wednesday,No,2,February,0,0,0,0,1,0,0,0,0
2/19/2025,2025-02-19T15:37:15.3994170,15,12PM to 8PM,19,3,Wednesday,No,2,February,0,0,0,0,1,0,0,0,0
2/19/2025,2025-02-19T15:37:17.1088240,15,12PM to 8PM,19,3,Wednesday,No,2,February,0,0,0,0,1,0,0,0,0
2/19/2025,2025-02-19T15:37:26.1251840,15,12PM to 8PM,19,3,Wednesday,No,2,February,1,0,0,0,1,1,0,0,0
2/19/2025,2025-02-19T15:39:16.3542640,15,12PM to 8PM,19,3,Wednesday,No,2,February,1,0,0,0,1,1,0,0,0
2/19/2025,2025-02-19T15:45:03.2860820,15,12PM to 8PM,19,3,Wednesday,No,2,February,0,0,0,0,1,0,0,0,0
2/19/2025,2025-02-19T15:45:07.1304570,15,12PM to 8PM,19,3,Wednesday,No,2,February,0,0,0,0,1,0,0,0,0
2/19/2025,2025-02-19T15:45:07.3572850,15,12PM to 8PM,19,3,Wednesday,No,2,February,0,0,0,0,1,0,0,0,0
2/19/2025,2025-02-19T15:45:07.4111900,15,12PM to 8PM,19,3,Wednesday,No,2,February,0,0,0,0,1,0,0,0,0
2/19/2025,2025-02-19T15:45:07.4767530,15,12PM to 8PM,19,3,Wednesday,No,2,February,0,0,0,0,1,0,0,0,0
2/19/2025,2025-02-19T15:45:07.5365390,15,12PM to 8PM,19,3,Wednesday,No,2,February,0,0,0,0,1,0,0,0,0
2/19/2025,2025-02-19T15:45:07.6853680,15,12PM to 8PM,19,3,Wednesday,No,2,February,0,0,0,0,1,0,0,0,0
2/19/2025,2025-02-19T15:45:07.7915760,15,12PM to 8PM,19,3,Wednesday,No,2,February,0,0,0,0,1,0,0,0,0
2/19/2025,2025-02-19T15:45:07.8721910,15,12PM to 8PM,19,3,Wednesday,No,2,February,0,0,0,0,1,0,0,0,0
2/19/2025,2025-02-19T15:45:07.9590280,15,12PM to 8PM,19,3,Wednesday,No,2,February,0,0,0,0,1,0,0,0,0
2/19/2025,2025-02-19T15:45:08.0218710,15,12PM to 8PM,19,3,Wednesday,No,2,February,0,0,0,0,1,0,0,0,0
2/19/2025,2025-02-19T15:45:08.0645430,15,12PM to 8PM,19,3,Wednesday,No,2,February,0,0,0,0,1,0,0,0,0
2/19/2025,2025-02-19T15:45:14.2327120,15,12PM to 8PM,19,3,Wednesday,No,2,February,0,0,0,0,1,0,0,0,0
2/19/2025,2025-02-19T15:45:27.4029230,15,12PM to 8PM,19,3,Wednesday,No,2,February,0,0,0,0,1,0,0,0,0
2/19/2025,2025-02-19T15:45:28.5024560,15,12PM to 8PM,19,3,Wednesday,No,2,February,0,0,0,0,1,0,0,0,0
2/19/2025,2025-02-19T15:45:30.7563570,15,12PM to 8PM,19,3,Wednesday,No,2,February,0,0,0,0,1,0,0,0,0
2/19/2025,2025-02-19T15:45:35.8822860,15,12PM to 8PM,19,3,Wednesday,No,2,February,0,0,0,0,1,0,0,0,0
2/19/2025,2025-02-19T15:46:00.7619450,15,12PM to 8PM,19,3,Wednesday,No,2,February,0,0,0,0,1,0,0,0,0
2/19/2025,2025-02-19T15:46:04.9137400,15,12PM to 8PM,19,3,Wednesday,No,2,February,0,0,0,0,1,0,0,0,0
2/19/2025,2025-02-19T15:46:24.9924670,15,12PM to 8PM,19,3,Wednesday,No,2,February,0,0,0,0,1,0,0,0,0
2/19/2025,2025-02-19T15:46:25.9697490,15,12PM to 8PM,19,3,Wednesday,No,2,February,0,0,0,0,1,0,0,0,0
2/19/2025,2025-02-19T15:51:28.3598080,15,12PM to 8PM,19,3,Wednesday,No,2,February,0,0,0,0,1,0,0,0,0
2/19/2025,2025-02-19T15:51:38.5930280,15,12PM to 8PM,19,3,Wednesday,No,2,February,0,0,0,0,1,0,0,0,0
2/19/2025,2025-02-19T15:58:39.2514490,15,12PM to 8PM,19,3,Wednesday,No,2,February,0,0,0,1,2,0,0,0,0.5
2/19/2025,2025-02-19T16:55:44.2742960,16,12PM to 8PM,19,3,Wednesday,No,2,February,0,0,0,0,1,0,0,0,0
2/19/2025,2025-02-19T16:55:53.8155100,16,12PM to 8PM,19,3,Wednesday,No,2,February,0,0,0,0,1,0,0,0,0
2/19/2025,2025-02-19T16:55:58.5567120,16,12PM to 8PM,19,3,Wednesday,No,2,February,0,0,0,0,1,0,0,0,0
2/19/2025,2025-02-19T16:56:09.5238680,16,12PM to 8PM,19,3,Wednesday,No,2,February,0,0,0,0,1,0,0,0,0
2/19/2025,2025-02-19T16:56:14.1159060,16,12PM to 8PM,19,3,Wednesday,No,2,February,0,0,0,0,1,0,0,0,0
2/19/2025,2025-02-19T17:15:01.2432930,17,12PM to 8PM,19,3,Wednesday,No,2,February,0,0,0,0,2,0,0,0,0
2/19/2025,2025-02-19T17:15:05.2232780,17,12PM to 8PM,19,3,Wednesday,No,2,February,0,0,0,0,1,0,0,0,0
2/19/2025,2025-02-19T17:15:07.0072990,17,12PM to 8PM,19,3,Wednesday,No,2,February,0,0,0,0,1,0,0,0,0
2/19/2025,2025-02-19T17:15:08.5714810,17,12PM to 8PM,19,3,Wednesday,No,2,February,0,0,0,0,3,0,0,0,0
2/19/2025,2025-02-19T17:15:10.6635560,17,12PM to 8PM,19,3,Wednesday,No,2,February,0,0,0,0,1,0,0,0,0
2/19/2025,2025-02-19T17:16:08.7865170,17,12PM to 8PM,19,3,Wednesday,No,2,February,0,0,0,0,1,0,0,0,0
2/19/2025,2025-02-19T17:16:15.5842710,17,12PM to 8PM,19,3,Wednesday,No,2,February,0,0,0,0,1,0,0,0,0
2/19/2025,2025-02-19T17:31:26.4706350,17,12PM to 8PM,19,3,Wednesday,No,2,February,0,0,0,0,1,0,0,0,0
2/19/2025,2025-02-19T17:31:31.9377620,17,12PM to 8PM,19,3,Wednesday,No,2,February,1,0,0,0,1,1,0,0,0
2/19/2025,2025-02-19T17:32:35.4922640,17,12PM to 8PM,19,3,Wednesday,No,2,February,0,0,0,0,1,0,0,0,0
2/19/2025,2025-02-19T17:44:42.1597720,17,12PM to 8PM,19,3,Wednesday,No,2,February,0,0,0,0,1,0,0,0,0
2/19/2025,2025-02-19T17:44:51.7702280,17,12PM to 8PM,19,3,Wednesday,No,2,February,1,0,0,0,1,1,0,0,0
2/19/2025,2025-02-19T17:45:10.4005620,17,12PM to 8PM,19,3,Wednesday,No,2,February,0,0,0,0,1,0,0,0,0
2/19/2025,2025-02-19T17:45:38.9778350,17,12PM to 8PM,19,3,Wednesday,No,2,February,1,0,0,0,1,1,0,0,0
2/19/2025,2025-02-19T17:45:47.0643140,17,12PM to 8PM,19,3,Wednesday,No,2,February,0,0,0,0,1,0,0,0,0
2/19/2025,2025-02-19T17:46:46.7710000,17,12PM to 8PM,19,3,Wednesday,No,2,February,0,0,0,0,1,0,0,0,0
2/19/2025,2025-02-19T17:46:59.0334460,17,12PM to 8PM,19,3,Wednesday,No,2,February,2,2,2,2,2,1,1,1,1
2/19/2025,2025-02-19T17:47:35.4670610,17,12PM to 8PM,19,3,Wednesday,No,2,February,1,0,0,0,1,1,0,0,0
2/19/2025,2025-02-19T18:06:38.0115180,18,12PM to 8PM,19,3,Wednesday,No,2,February,0,0,0,0,1,0,0,0,0
2/19/2025,2025-02-19T18:18:17.5416380,18,12PM to 8PM,19,3,Wednesday,No,2,February,0,0,0,0,1,0,0,0,0
2/19/2025,2025-02-19T18:18:20.5183270,18,12PM to 8PM,19,3,Wednesday,No,2,February,0,0,0,0,1,0,0,0,0
2/19/2025,2025-02-19T18:31:32.1231750,18,12PM to 8PM,19,3,Wednesday,No,2,February,0,0,0,0,1,0,0,0,0
2/19/2025,2025-02-19T18:31:35.4429680,18,12PM to 8PM,19,3,Wednesday,No,2,February,0,0,0,0,1,0,0,0,0
2/19/2025,2025-02-19T18:34:10.4093420,18,12PM to 8PM,19,3,Wednesday,No,2,February,0,0,0,0,1,0,0,0,0
2/19/2025,2025-02-19T19:39:13.3883350,19,12PM to 8PM,19,3,Wednesday,No,2,February,0,0,0,0,1,0,0,0,0
2/19/2025,2025-02-19T19:39:54.4635650,19,12PM to 8PM,19,3,Wednesday,No,2,February,0,0,0,0,1,0,0,0,0
2/19/2025,2025-02-19T19:40:17.2072700,19,12PM to 8PM,19,3,Wednesday,No,2,February,0,0,0,0,1,0,0,0,0
2/19/2025,2025-02-19T19:41:34.3333750,19,12PM to 8PM,19,3,Wednesday,No,2,February,0,0,0,0,1,0,0,0,0
2/19/2025,2025-02-19T19:59:25.2266570,19,12PM to 8PM,19,3,Wednesday,No,2,February,0,0,0,0,2,0,0,0,0
2/19/2025,2025-02-19T20:00:12.7054090,20,12PM to 8PM,19,3,Wednesday,No,2,February,0,0,0,0,1,0,0,0,0
2/19/2025,2025-02-19T20:00:47.4805250,20,12PM to 8PM,19,3,Wednesday,No,2,February,0,0,0,0,1,0,0,0,0
2/20/2025,2025-02-20T04:09:23.8799520,4,Before 6AM,20,4,Thursday,No,2,February,0,0,0,0,1,0,0,0,0
2/20/2025,2025-02-20T04:09:33.9665760,4,Before 6AM,20,4,Thursday,No,2,February,0,0,0,0,1,0,0,0,0
2/20/2025,2025-02-20T04:09:35.0651240,4,Before 6AM,20,4,Thursday,No,2,February,0,0,0,0,1,0,0,0,0
2/20/2025,2025-02-20T13:54:21.7956130,13,12PM to 8PM,20,4,Thursday,No,2,February,0,0,0,0,1,0,0,0,0
2/20/2025,2025-02-20T13:54:23.3644660,13,12PM to 8PM,20,4,Thursday,No,2,February,0,0,0,0,1,0,0,0,0
2/20/2025,2025-02-20T13:54:23.9207150,13,12PM to 8PM,20,4,Thursday,No,2,February,0,0,0,0,1,0,0,0,0
2/20/2025,2025-02-20T13:54:26.0753800,13,12PM to 8PM,20,4,Thursday,No,2,February,0,0,0,0,1,0,0,0,0
2/20/2025,2025-02-20T14:00:29.8957690,14,12PM to 8PM,20,4,Thursday,No,2,February,0,0,0,0,1,0,0,0,0
2/20/2025,2025-02-20T14:00:46.1696310,14,12PM to 8PM,20,4,Thursday,No,2,February,0,0,0,0,1,0,0,0,0
2/20/2025,2025-02-20T14:22:22.3202740,14,12PM to 8PM,20,4,Thursday,No,2,February,0,0,0,0,1,0,0,0,0
2/20/2025,2025-02-20T14:36:12.3265060,14,12PM to 8PM,20,4,Thursday,No,2,February,0,0,0,0,1,0,0,0,0
2/20/2025,2025-02-20T14:36:27.4098960,14,12PM to 8PM,20,4,Thursday,No,2,February,0,0,0,0,1,0,0,0,0
2/20/2025,2025-02-20T14:36:58.4783900,14,12PM to 8PM,20,4,Thursday,No,2,February,0,0,0,0,1,0,0,0,0
2/20/2025,2025-02-20T14:37:38.2878090,14,12PM to 8PM,20,4,Thursday,No,2,February,0,0,0,0,1,0,0,0,0
2/20/2025,2025-02-20T23:48:11.0837960,23,After 8PM,20,4,Thursday,No,2,February,0,0,0,0,1,0,0,0,0
2/20/2025,2025-02-20T23:49:13.5582800,23,After 8PM,20,4,Thursday,No,2,February,0,0,0,0,3,0,0,0,0
2/20/2025,2025-02-20T23:49:26.9071870,23,After 8PM,20,4,Thursday,No,2,February,0,0,0,0,3,0,0,0,0
2/20/2025,2025-02-20T23:49:45.6402050,23,After 8PM,20,4,Thursday,No,2,February,0,0,0,0,1,0,0,0,0
2/20/2025,2025-02-20T23:49:53.4512990,23,After 8PM,20,4,Thursday,No,2,February,0,0,0,0,2,0,0,0,0
2/20/2025,2025-02-20T23:50:21.3282660,23,After 8PM,20,4,Thursday,No,2,February,0,0,0,0,1,0,0,0,0
2/20/2025,2025-02-20T23:54:38.5974710,23,After 8PM,20,4,Thursday,No,2,February,0,0,0,0,1,0,0,0,0
2/20/2025,2025-02-20T23:57:21.0540070,23,After 8PM,20,4,Thursday,No,2,February,0,0,0,0,1,0,0,0,0
2/21/2025,2025-02-21T00:08:15.6483280,0,Before 6AM,21,5,Friday,No,2,February,0,0,0,0,2,0,0,0,0
2/21/2025,2025-02-21T00:09:03.6151370,0,Before 6AM,21,5,Friday,No,2,February,0,0,0,0,4,0,0,0,0
2/21/2025,2025-02-21T00:10:27.2199680,0,Before 6AM,21,5,Friday,No,2,February,0,0,0,0,2,0,0,0,0
2/21/2025,2025-02-21T00:10:58.9754740,0,Before 6AM,21,5,Friday,No,2,February,0,0,0,0,2,0,0,0,0
2/21/2025,2025-02-21T00:14:02.2009210,0,Before 6AM,21,5,Friday,No,2,February,0,0,0,0,2,0,0,0,0
2/21/2025,2025-02-21T00:14:28.5914430,0,Before 6AM,21,5,Friday,No,2,February,0,0,0,0,1,0,0,0,0
2/21/2025,2025-02-21T00:14:32.1900320,0,Before 6AM,21,5,Friday,No,2,February,0,0,0,0,2,0,0,0,0
2/21/2025,2025-02-21T00:14:38.3233210,0,Before 6AM,21,5,Friday,No,2,February,0,0,0,0,2,0,0,0,0
2/21/2025,2025-02-21T00:14:47.3411030,0,Before 6AM,21,5,Friday,No,2,February,0,0,0,0,2,0,0,0,0
2/21/2025,2025-02-21T00:14:56.4219990,0,Before 6AM,21,5,Friday,No,2,February,0,0,0,0,2,0,0,0,0
2/21/2025,2025-02-21T00:15:17.1651780,0,Before 6AM,21,5,Friday,No,2,February,0,0,0,0,2,0,0,0,0
2/21/2025,2025-02-21T00:16:44.1152150,0,Before 6AM,21,5,Friday,No,2,February,0,0,0,0,2,0,0,0,0
2/21/2025,2025-02-21T00:17:18.6811770,0,Before 6AM,21,5,Friday,No,2,February,0,0,0,0,2,0,0,0,0
2/21/2025,2025-02-21T00:17:32.8367050,0,Before 6AM,21,5,Friday,No,2,February,0,0,0,0,2,0,0,0,0
2/21/2025,2025-02-21T00:17:46.8600540,0,Before 6AM,21,5,Friday,No,2,February,0,0,0,0,2,0,0,0,0
2/21/2025,2025-02-21T00:17:51.4066160,0,Before 6AM,21,5,Friday,No,2,February,0,0,0,0,2,0,0,0,0
2/21/2025,2025-02-21T00:18:00.6482470,0,Before 6AM,21,5,Friday,No,2,February,0,0,0,0,3,0,0,0,0
2/21/2025,2025-02-21T00:18:17.5645090,0,Before 6AM,21,5,Friday,No,2,February,0,0,0,0,2,0,0,0,0
2/21/2025,2025-02-21T00:18:45.1356080,0,Before 6AM,21,5,Friday,No,2,February,0,0,0,0,2,0,0,0,0
2/21/2025,2025-02-21T00:18:48.3995920,0,Before 6AM,21,5,Friday,No,2,February,0,0,0,0,2,0,0,0,0
2/21/2025,2025-02-21T02:01:41.8598670,2,Before 6AM,21,5,Friday,No,2,February,0,0,0,0,7,0,0,0,0
2/21/2025,2025-02-21T02:01:48.9695870,2,Before 6AM,21,5,Friday,No,2,February,0,0,0,0,3,0,0,0,0
2/21/2025,2025-02-21T02:01:58.5033140,2,Before 6AM,21,5,Friday,No,2,February,0,0,0,0,2,0,0,0,0
2/21/2025,2025-02-21T02:02:05.0898650,2,Before 6AM,21,5,Friday,No,2,February,0,0,0,0,2,0,0,0,0
2/21/2025,2025-02-21T02:02:11.8032410,2,Before 6AM,21,5,Friday,No,2,February,0,0,0,0,2,0,0,0,0
2/21/2025,2025-02-21T02:02:28.5972320,2,Before 6AM,21,5,Friday,No,2,February,0,0,0,0,2,0,0,0,0
2/21/2025,2025-02-21T02:03:23.6312440,2,Before 6AM,21,5,Friday,No,2,February,0,0,0,0,2,0,0,0,0
2/21/2025,2025-02-21T02:03:41.2795120,2,Before 6AM,21,5,Friday,No,2,February,0,0,0,0,2,0,0,0,0
2/21/2025,2025-02-21T02:03:44.7372530,2,Before 6AM,21,5,Friday,No,2,February,0,0,0,0,2,0,0,0,0
2/21/2025,2025-02-21T02:03:45.4675520,2,Before 6AM,21,5,Friday,No,2,February,0,0,0,0,1,0,0,0,0
2/21/2025,2025-02-21T02:06:45.6892940,2,Before 6AM,21,5,Friday,No,2,February,0,0,0,0,2,0,0,0,0
2/21/2025,2025-02-21T02:07:33.2632340,2,Before 6AM,21,5,Friday,No,2,February,0,0,0,0,2,0,0,0,0
2/21/2025,2025-02-21T02:07:35.3943710,2,Before 6AM,21,5,Friday,No,2,February,0,0,0,0,1,0,0,0,0
2/21/2025,2025-02-21T02:07:36.4873130,2,Before 6AM,21,5,Friday,No,2,February,0,0,0,0,3,0,0,0,0
2/21/2025,2025-02-21T02:17:54.5062320,2,Before 6AM,21,5,Friday,No,2,February,0,0,0,0,2,0,0,0,0
2/21/2025,2025-02-21T02:27:32.7510040,2,Before 6AM,21,5,Friday,No,2,February,0,0,0,0,2,0,0,0,0
2/21/2025,2025-02-21T17:35:09.7276130,17,12PM to 8PM,21,5,Friday,No,2,February,0,0,0,0,2,0,0,0,0
2/21/2025,2025-02-21T17:36:47.8298100,17,12PM to 8PM,21,5,Friday,No,2,February,0,0,0,0,3,0,0,0,0
2/21/2025,2025-02-21T17:36:48.6161150,17,12PM to 8PM,21,5,Friday,No,2,February,0,0,0,0,2,0,0,0,0
2/21/2025,2025-02-21T17:36:51.1508950,17,12PM to 8PM,21,5,Friday,No,2,February,0,0,0,0,3,0,0,0,0
2/21/2025,2025-02-21T17:36:57.4313140,17,12PM to 8PM,21,5,Friday,No,2,February,0,0,0,0,3,0,0,0,0
2/21/2025,2025-02-21T17:36:58.0074050,17,12PM to 8PM,21,5,Friday,No,2,February,0,0,0,0,2,0,0,0,0
2/21/2025,2025-02-21T17:37:05.8225690,17,12PM to 8PM,21,5,Friday,No,2,February,0,0,0,0,3,0,0,0,0
2/21/2025,2025-02-21T17:37:55.8140070,17,12PM to 8PM,21,5,Friday,No,2,February,0,0,0,0,2,0,0,0,0
2/21/2025,2025-02-21T17:38:12.6320480,17,12PM to 8PM,21,5,Friday,No,2,February,0,0,0,0,2,0,0,0,0
2/21/2025,2025-02-21T17:38:17.0303320,17,12PM to 8PM,21,5,Friday,No,2,February,0,0,0,0,2,0,0,0,0
2/21/2025,2025-02-21T17:38:29.0533500,17,12PM to 8PM,21,5,Friday,No,2,February,0,0,0,0,3,0,0,0,0
2/21/2025,2025-02-21T17:38:55.2080870,17,12PM to 8PM,21,5,Friday,No,2,February,2,0,0,0,4,0.5,0,0,0
2/21/2025,2025-02-21T17:39:07.3648300,17,12PM to 8PM,21,5,Friday,No,2,February,1,0,0,0,2,0.5,0,0,0
2/21/2025,2025-02-21T17:39:16.5269710,17,12PM to 8PM,21,5,Friday,No,2,February,1,0,0,0,1,1,0,0,0
2/21/2025,2025-02-21T17:39:23.8168760,17,12PM to 8PM,21,5,Friday,No,2,February,0,0,0,0,2,0,0,0,0
2/21/2025,2025-02-21T17:39:27.5513080,17,12PM to 8PM,21,5,Friday,No,2,February,1,0,0,0,2,0.5,0,0,0
2/21/2025,2025-02-21T17:39:37.3582660,17,12PM to 8PM,21,5,Friday,No,2,February,1,0,0,0,2,0.5,0,0,0
2/21/2025,2025-02-21T17:40:57.1722530,17,12PM to 8PM,21,5,Friday,No,2,February,2,0,0,0,3,0.666666667,0,0,0
2/21/2025,2025-02-21T17:42:32.5028920,17,12PM to 8PM,21,5,Friday,No,2,February,0,0,0,0,4,0,0,0,0
2/21/2025,2025-02-21T17:42:42.7731630,17,12PM to 8PM,21,5,Friday,No,2,February,0,0,0,0,2,0,0,0,0
2/21/2025,2025-02-21T17:42:46.8823910,17,12PM to 8PM,21,5,Friday,No,2,February,0,0,0,0,2,0,0,0,0
2/21/2025,2025-02-21T17:43:08.8425140,17,12PM to 8PM,21,5,Friday,No,2,February,0,0,0,0,2,0,0,0,0
2/21/2025,2025-02-21T17:43:16.7212360,17,12PM to 8PM,21,5,Friday,No,2,February,0,0,0,0,2,0,0,0,0
2/21/2025,2025-02-21T17:43:23.5411140,17,12PM to 8PM,21,5,Friday,No,2,February,0,0,0,0,2,0,0,0,0
2/21/2025,2025-02-21T17:43:49.9806160,17,12PM to 8PM,21,5,Friday,No,2,February,1,0,0,0,2,0.5,0,0,0
2/21/2025,2025-02-21T17:44:17.0074660,17,12PM to 8PM,21,5,Friday,No,2,February,0,0,0,0,2,0,0,0,0
2/21/2025,2025-02-21T17:44:26.1381370,17,12PM to 8PM,21,5,Friday,No,2,February,1,0,0,1,2,0.5,0,0,0.5
2/21/2025,2025-02-21T18:55:17.3178430,18,12PM to 8PM,21,5,Friday,No,2,February,0,0,0,0,2,0,0,0,0
2/21/2025,2025-02-21T19:18:04.0343220,19,12PM to 8PM,21,5,Friday,No,2,February,0,0,0,0,3,0,0,0,0
2/21/2025,2025-02-21T19:18:08.4785260,19,12PM to 8PM,21,5,Friday,No,2,February,0,0,0,0,1,0,0,0,0
2/21/2025,2025-02-21T19:18:08.4936150,19,12PM to 8PM,21,5,Friday,No,2,February,0,0,0,0,1,0,0,0,0
2/21/2025,2025-02-21T19:18:47.3090260,19,12PM to 8PM,21,5,Friday,No,2,February,0,0,0,0,1,0,0,0,0
2/21/2025,2025-02-21T19:18:53.4383780,19,12PM to 8PM,21,5,Friday,No,2,February,0,0,0,0,1,0,0,0,0
2/21/2025,2025-02-21T19:19:00.2752940,19,12PM to 8PM,21,5,Friday,No,2,February,0,0,0,0,2,0,0,0,0
2/21/2025,2025-02-21T19:19:17.7781700,19,12PM to 8PM,21,5,Friday,No,2,February,0,0,0,0,1,0,0,0,0
2/21/2025,2025-02-21T19:19:19.5637060,19,12PM to 8PM,21,5,Friday,No,2,February,0,0,0,0,1,0,0,0,0
2/21/2025,2025-02-21T19:19:19.5748670,19,12PM to 8PM,21,5,Friday,No,2,February,0,0,0,0,1,0,0,0,0
2/21/2025,2025-02-21T19:19:21.1836020,19,12PM to 8PM,21,5,Friday,No,2,February,0,0,0,0,1,0,0,0,0
2/21/2025,2025-02-21T19:19:26.0441680,19,12PM to 8PM,21,5,Friday,No,2,February,0,0,0,0,1,0,0,0,0
2/21/2025,2025-02-21T19:19:26.1925960,19,12PM to 8PM,21,5,Friday,No,2,February,0,0,0,0,1,0,0,0,0
2/21/2025,2025-02-21T19:19:27.8003790,19,12PM to 8PM,21,5,Friday,No,2,February,0,0,0,0,3,0,0,0,0
2/21/2025,2025-02-21T19:19:31.6869690,19,12PM to 8PM,21,5,Friday,No,2,February,0,0,0,0,3,0,0,0,0
2/21/2025,2025-02-21T19:19:35.9352260,19,12PM to 8PM,21,5,Friday,No,2,February,0,0,0,0,1,0,0,0,0
2/21/2025,2025-02-21T19:21:33.5710780,19,12PM to 8PM,21,5,Friday,No,2,February,0,0,0,0,1,0,0,0,0
2/21/2025,2025-02-21T19:23:43.8281590,19,12PM to 8PM,21,5,Friday,No,2,February,0,0,0,0,1,0,0,0,0
2/21/2025,2025-02-21T19:24:49.5204170,19,12PM to 8PM,21,5,Friday,No,2,February,0,0,0,0,1,0,0,0,0
2/21/2025,2025-02-21T19:24:58.4342050,19,12PM to 8PM,21,5,Friday,No,2,February,0,0,0,0,1,0,0,0,0
2/21/2025,2025-02-21T19:26:37.5516510,19,12PM to 8PM,21,5,Friday,No,2,February,0,0,0,0,2,0,0,0,0
2/21/2025,2025-02-21T19:26:39.5944630,19,12PM to 8PM,21,5,Friday,No,2,February,0,0,0,0,2,0,0,0,0
2/21/2025,2025-02-21T19:27:04.5887830,19,12PM to 8PM,21,5,Friday,No,2,February,0,1,0,0,1,0,1,0,0
2/21/2025,2025-02-21T20:03:57.5148000,20,12PM to 8PM,21,5,Friday,No,2,February,0,0,0,0,2,0,0,0,0
2/21/2025,2025-02-21T20:04:06.8333110,20,12PM to 8PM,21,5,Friday,No,2,February,0,0,0,0,2,0,0,0,0
2/21/2025,2025-02-21T20:04:26.5493720,20,12PM to 8PM,21,5,Friday,No,2,February,0,0,0,0,2,0,0,0,0
2/21/2025,2025-02-21T20:06:22.1986610,20,12PM to 8PM,21,5,Friday,No,2,February,0,0,0,0,2,0,0,0,0
2/21/2025,2025-02-21T20:13:15.6505730,20,12PM to 8PM,21,5,Friday,No,2,February,0,0,0,0,1,0,0,0,0
2/21/2025,2025-02-21T20:13:19.3474500,20,12PM to 8PM,21,5,Friday,No,2,February,0,0,0,0,2,0,0,0,0
2/21/2025,2025-02-21T20:13:21.2857040,20,12PM to 8PM,21,5,Friday,No,2,February,0,0,0,0,1,0,0,0,0
2/21/2025,2025-02-21T20:13:24.0264450,20,12PM to 8PM,21,5,Friday,No,2,February,0,0,0,0,2,0,0,0,0
2/21/2025,2025-02-21T20:13:25.1334370,20,12PM to 8PM,21,5,Friday,No,2,February,0,0,0,0,1,0,0,0,0
2/21/2025,2025-02-21T20:13:28.3931340,20,12PM to 8PM,21,5,Friday,No,2,February,0,0,0,0,1,0,0,0,0
2/21/2025,2025-02-21T20:14:02.6234940,20,12PM to 8PM,21,5,Friday,No,2,February,0,0,0,0,1,0,0,0,0
2/21/2025,2025-02-21T20:14:17.2268750,20,12PM to 8PM,21,5,Friday,No,2,February,0,0,0,0,1,0,0,0,0
2/21/2025,2025-02-21T20:20:42.4713830,20,12PM to 8PM,21,5,Friday,No,2,February,0,0,0,0,2,0,0,0,0
2/21/2025,2025-02-21T20:21:00.4589420,20,12PM to 8PM,21,5,Friday,No,2,February,0,0,0,0,2,0,0,0,0
2/21/2025,2025-02-21T20:21:03.7093630,20,12PM to 8PM,21,5,Friday,No,2,February,0,0,0,0,2,0,0,0,0
2/21/2025,2025-02-21T20:54:38.0485940,20,12PM to 8PM,21,5,Friday,No,2,February,0,0,0,0,2,0,0,0,0
2/21/2025,2025-02-21T20:59:15.2037950,20,12PM to 8PM,21,5,Friday,No,2,February,0,0,0,0,2,0,0,0,0
2/21/2025,2025-02-21T21:00:48.7074210,21,After 8PM,21,5,Friday,No,2,February,0,0,0,0,1,0,0,0,0
2/21/2025,2025-02-21T21:02:13.2476220,21,After 8PM,21,5,Friday,No,2,February,0,0,0,0,1,0,0,0,0
2/21/2025,2025-02-21T21:02:19.7822380,21,After 8PM,21,5,Friday,No,2,February,0,0,0,0,1,0,0,0,0
2/21/2025,2025-02-21T21:07:08.7794670,21,After 8PM,21,5,Friday,No,2,February,0,0,0,0,1,0,0,0,0
2/21/2025,2025-02-21T21:27:51.0891820,21,After 8PM,21,5,Friday,No,2,February,0,0,0,0,1,0,0,0,0
2/21/2025,2025-02-21T21:28:08.1009160,21,After 8PM,21,5,Friday,No,2,February,0,0,0,0,1,0,0,0,0
2/21/2025,2025-02-21T21:28:26.7114460,21,After 8PM,21,5,Friday,No,2,February,0,0,0,0,2,0,0,0,0
2/21/2025,2025-02-21T21:28:33.7111230,21,After 8PM,21,5,Friday,No,2,February,0,0,0,0,1,0,0,0,0
2/21/2025,2025-02-21T21:28:46.8398720,21,After 8PM,21,5,Friday,No,2,February,0,0,0,0,1,0,0,0,0
2/21/2025,2025-02-21T21:28:53.2957940,21,After 8PM,21,5,Friday,No,2,February,0,0,0,0,1,0,0,0,0
2/21/2025,2025-02-21T21:28:58.8628660,21,After 8PM,21,5,Friday,No,2,February,0,0,0,0,1,0,0,0,0
2/21/2025,2025-02-21T21:29:00.8956230,21,After 8PM,21,5,Friday,No,2,February,0,0,0,0,1,0,0,0,0
2/21/2025,2025-02-21T21:29:17.0582310,21,After 8PM,21,5,Friday,No,2,February,0,0,0,0,1,0,0,0,0
2/21/2025,2025-02-21T21:29:21.5577590,21,After 8PM,21,5,Friday,No,2,February,0,0,0,0,1,0,0,0,0
2/21/2025,2025-02-21T21:30:32.0093320,21,After 8PM,21,5,Friday,No,2,February,0,0,0,0,1,0,0,0,0
2/21/2025,2025-02-21T21:30:45.5674950,21,After 8PM,21,5,Friday,No,2,February,0,0,0,0,1,0,0,0,0
2/21/2025,2025-02-21T21:31:07.0817700,21,After 8PM,21,5,Friday,No,2,February,0,0,0,0,1,0,0,0,0
2/21/2025,2025-02-21T21:31:29.0675160,21,After 8PM,21,5,Friday,No,2,February,0,0,0,0,2,0,0,0,0
2/21/2025,2025-02-21T21:31:43.8429570,21,After 8PM,21,5,Friday,No,2,February,0,0,0,0,1,0,0,0,0
2/21/2025,2025-02-21T21:31:44.7082710,21,After 8PM,21,5,Friday,No,2,February,0,0,0,0,1,0,0,0,0
2/21/2025,2025-02-21T21:31:45.0860160,21,After 8PM,21,5,Friday,No,2,February,0,0,0,0,1,0,0,0,0
2/21/2025,2025-02-21T21:31:51.4713340,21,After 8PM,21,5,Friday,No,2,February,0,0,0,0,2,0,0,0,0
2/21/2025,2025-02-21T21:32:03.1908220,21,After 8PM,21,5,Friday,No,2,February,0,0,0,0,2,0,0,0,0
2/21/2025,2025-02-21T21:35:27.3559330,21,After 8PM,21,5,Friday,No,2,February,0,0,0,0,1,0,0,0,0
2/21/2025,2025-02-21T21:35:42.9544230,21,After 8PM,21,5,Friday,No,2,February,0,0,0,0,2,0,0,0,0
2/21/2025,2025-02-21T21:42:16.8047060,21,After 8PM,21,5,Friday,No,2,February,0,0,0,0,1,0,0,0,0
2/21/2025,2025-02-21T21:42:34.2207110,21,After 8PM,21,5,Friday,No,2,February,0,0,0,0,2,0,0,0,0
2/21/2025,2025-02-21T21:43:01.0176580,21,After 8PM,21,5,Friday,No,2,February,0,0,0,0,1,0,0,0,0
2/21/2025,2025-02-21T21:43:13.9277260,21,After 8PM,21,5,Friday,No,2,February,0,0,0,0,1,0,0,0,0
2/21/2025,2025-02-21T21:43:14.1683420,21,After 8PM,21,5,Friday,No,2,February,0,0,0,0,1,0,0,0,0
2/21/2025,2025-02-21T21:51:23.6879770,21,After 8PM,21,5,Friday,No,2,February,0,0,0,0,1,0,0,0,0
2/21/2025,2025-02-21T21:51:24.5527730,21,After 8PM,21,5,Friday,No,2,February,0,0,0,0,1,0,0,0,0
2/21/2025,2025-02-21T21:51:26.2715690,21,After 8PM,21,5,Friday,No,2,February,0,0,0,0,1,0,0,0,0
2/21/2025,2025-02-21T22:02:21.3588460,22,After 8PM,21,5,Friday,No,2,February,0,0,0,0,1,0,0,0,0
2/21/2025,2025-02-21T22:02:22.2052070,22,After 8PM,21,5,Friday,No,2,February,0,0,0,0,1,0,0,0,0
2/21/2025,2025-02-21T22:51:36.0787790,22,After 8PM,21,5,Friday,No,2,February,0,0,0,0,1,0,0,0,0
2/21/2025,2025-02-21T22:51:38.1748640,22,After 8PM,21,5,Friday,No,2,February,0,0,0,0,1,0,0,0,0
2/21/2025,2025-02-21T22:51:38.5265510,22,After 8PM,21,5,Friday,No,2,February,0,0,0,0,1,0,0,0,0
2/21/2025,2025-02-21T22:51:41.1742810,22,After 8PM,21,5,Friday,No,2,February,0,0,0,0,1,0,0,0,0
2/21/2025,2025-02-21T22:54:40.4986840,22,After 8PM,21,5,Friday,No,2,February,0,0,0,0,1,0,0,0,0
2/21/2025,2025-02-21T22:56:13.4145300,22,After 8PM,21,5,Friday,No,2,February,0,0,0,0,1,0,0,0,0
2/21/2025,2025-02-21T22:57:49.9374070,22,After 8PM,21,5,Friday,No,2,February,0,0,0,0,1,0,0,0,0
2/21/2025,2025-02-21T22:58:13.7401840,22,After 8PM,21,5,Friday,No,2,February,0,0,0,0,1,0,0,0,0
2/21/2025,2025-02-21T22:58:14.7933770,22,After 8PM,21,5,Friday,No,2,February,0,0,0,0,1,0,0,0,0
2/21/2025,2025-02-21T22:58:29.3116940,22,After 8PM,21,5,Friday,No,2,February,0,0,0,0,1,0,0,0,0
2/21/2025,2025-02-21T22:58:32.2143120,22,After 8PM,21,5,Friday,No,2,February,0,0,0,0,1,0,0,0,0
2/21/2025,2025-02-21T23:19:46.4876880,23,After 8PM,21,5,Friday,No,2,February,0,0,0,0,1,0,0,0,0
2/21/2025,2025-02-21T23:19:56.0818990,23,After 8PM,21,5,Friday,No,2,February,0,0,0,0,1,0,0,0,0
2/21/2025,2025-02-21T23:19:56.7746130,23,After 8PM,21,5,Friday,No,2,February,0,0,0,0,1,0,0,0,0
2/21/2025,2025-02-21T23:20:01.6619790,23,After 8PM,21,5,Friday,No,2,February,0,0,0,0,1,0,0,0,0
2/21/2025,2025-02-21T23:20:04.7790390,23,After 8PM,21,5,Friday,No,2,February,0,0,0,0,1,0,0,0,0
2/21/2025,2025-02-21T23:20:06.4624960,23,After 8PM,21,5,Friday,No,2,February,0,0,0,0,1,0,0,0,0
2/21/2025,2025-02-21T23:20:24.0790880,23,After 8PM,21,5,Friday,No,2,February,0,0,0,0,1,0,0,0,0
2/21/2025,2025-02-21T23:20:37.0875770,23,After 8PM,21,5,Friday,No,2,February,0,0,0,0,1,0,0,0,0
2/21/2025,2025-02-21T23:20:47.0378320,23,After 8PM,21,5,Friday,No,2,February,0,0,0,0,1,0,0,0,0
2/21/2025,2025-02-21T23:20:47.2662110,23,After 8PM,21,5,Friday,No,2,February,0,0,0,0,1,0,0,0,0
2/21/2025,2025-02-21T23:20:52.3112280,23,After 8PM,21,5,Friday,No,2,February,0,0,0,0,1,0,0,0,0
2/21/2025,2025-02-21T23:21:08.3783020,23,After 8PM,21,5,Friday,No,2,February,0,0,0,0,1,0,0,0,0
2/21/2025,2025-02-21T23:24:23.0842650,23,After 8PM,21,5,Friday,No,2,February,0,0,0,0,1,0,0,0,0
2/21/2025,2025-02-21T23:29:26.1670930,23,After 8PM,21,5,Friday,No,2,February,0,0,0,0,1,0,0,0,0
2/21/2025,2025-02-21T23:50:45.8733890,23,After 8PM,21,5,Friday,No,2,February,0,0,0,0,1,0,0,0,0
2/21/2025,2025-02-21T23:50:49.9497240,23,After 8PM,21,5,Friday,No,2,February,0,0,0,0,1,0,0,0,0
2/21/2025,2025-02-21T23:58:21.8802150,23,After 8PM,21,5,Friday,No,2,February,0,0,0,0,2,0,0,0,0
2/22/2025,2025-02-22T00:56:22.9442840,0,Before 6AM,22,6,Saturday,Yes,2,February,0,0,0,0,1,0,0,0,0
2/22/2025,2025-02-22T00:56:57.5719090,0,Before 6AM,22,6,Saturday,Yes,2,February,0,0,0,0,5,0,0,0,0
2/22/2025,2025-02-22T00:57:50.0937240,0,Before 6AM,22,6,Saturday,Yes,2,February,0,0,0,0,3,0,0,0,0
2/22/2025,2025-02-22T01:00:38.0662330,1,Before 6AM,22,6,Saturday,Yes,2,February,0,0,0,0,1,0,0,0,0
2/22/2025,2025-02-22T01:01:25.2302790,1,Before 6AM,22,6,Saturday,Yes,2,February,0,0,0,0,1,0,0,0,0
2/22/2025,2025-02-22T01:01:26.0314220,1,Before 6AM,22,6,Saturday,Yes,2,February,0,0,0,0,1,0,0,0,0
2/22/2025,2025-02-22T01:01:27.1288430,1,Before 6AM,22,6,Saturday,Yes,2,February,0,0,0,0,1,0,0,0,0
2/22/2025,2025-02-22T01:08:11.1849950,1,Before 6AM,22,6,Saturday,Yes,2,February,0,0,0,0,1,0,0,0,0
2/22/2025,2025-02-22T01:08:13.0813250,1,Before 6AM,22,6,Saturday,Yes,2,February,0,0,0,0,1,0,0,0,0
2/22/2025,2025-02-22T01:08:13.0971250,1,Before 6AM,22,6,Saturday,Yes,2,February,0,0,0,0,1,0,0,0,0
2/22/2025,2025-02-22T01:08:16.2574380,1,Before 6AM,22,6,Saturday,Yes,2,February,0,0,0,0,1,0,0,0,0
2/22/2025,2025-02-22T01:08:18.8082690,1,Before 6AM,22,6,Saturday,Yes,2,February,0,0,0,0,1,0,0,0,0
2/22/2025,2025-02-22T01:08:20.2965570,1,Before 6AM,22,6,Saturday,Yes,2,February,0,0,0,0,1,0,0,0,0
2/22/2025,2025-02-22T01:08:23.5942350,1,Before 6AM,22,6,Saturday,Yes,2,February,0,0,0,0,1,0,0,0,0
2/22/2025,2025-02-22T01:08:38.5929570,1,Before 6AM,22,6,Saturday,Yes,2,February,0,0,0,0,1,0,0,0,0
2/22/2025,2025-02-22T01:08:48.7041400,1,Before 6AM,22,6,Saturday,Yes,2,February,0,0,0,0,1,0,0,0,0
2/22/2025,2025-02-22T01:12:08.1798540,1,Before 6AM,22,6,Saturday,Yes,2,February,0,0,0,0,1,0,0,0,0
2/22/2025,2025-02-22T01:12:40.0219570,1,Before 6AM,22,6,Saturday,Yes,2,February,0,0,0,0,1,0,0,0,0
2/22/2025,2025-02-22T01:14:55.4420430,1,Before 6AM,22,6,Saturday,Yes,2,February,0,0,0,0,1,0,0,0,0
2/22/2025,2025-02-22T01:14:57.5520850,1,Before 6AM,22,6,Saturday,Yes,2,February,0,0,0,0,1,0,0,0,0
2/22/2025,2025-02-22T01:15:06.7483670,1,Before 6AM,22,6,Saturday,Yes,2,February,0,0,0,0,1,0,0,0,0
2/22/2025,2025-02-22T01:15:46.2647060,1,Before 6AM,22,6,Saturday,Yes,2,February,0,0,0,0,1,0,0,0,0
2/22/2025,2025-02-22T01:15:48.2043890,1,Before 6AM,22,6,Saturday,Yes,2,February,0,0,0,0,1,0,0,0,0
2/22/2025,2025-02-22T01:16:00.7043830,1,Before 6AM,22,6,Saturday,Yes,2,February,0,0,0,0,1,0,0,0,0
2/22/2025,2025-02-22T01:18:48.5704030,1,Before 6AM,22,6,Saturday,Yes,2,February,0,0,0,0,2,0,0,0,0
2/22/2025,2025-02-22T01:19:06.6975610,1,Before 6AM,22,6,Saturday,Yes,2,February,0,0,0,0,2,0,0,0,0
2/22/2025,2025-02-22T01:29:09.0907760,1,Before 6AM,22,6,Saturday,Yes,2,February,0,0,0,0,1,0,0,0,0
2/22/2025,2025-02-22T01:29:38.1912160,1,Before 6AM,22,6,Saturday,Yes,2,February,0,0,0,0,1,0,0,0,0
2/22/2025,2025-02-22T01:33:41.7421940,1,Before 6AM,22,6,Saturday,Yes,2,February,0,0,0,0,2,0,0,0,0
2/22/2025,2025-02-22T01:33:44.3395730,1,Before 6AM,22,6,Saturday,Yes,2,February,0,0,0,0,2,0,0,0,0
2/22/2025,2025-02-22T01:40:27.9764130,1,Before 6AM,22,6,Saturday,Yes,2,February,0,0,0,0,2,0,0,0,0
2/22/2025,2025-02-22T02:25:20.8773390,2,Before 6AM,22,6,Saturday,Yes,2,February,0,0,0,0,1,0,0,0,0
2/22/2025,2025-02-22T02:25:23.8819360,2,Before 6AM,22,6,Saturday,Yes,2,February,1,0,0,0,2,0.5,0,0,0
2/22/2025,2025-02-22T02:25:31.4255470,2,Before 6AM,22,6,Saturday,Yes,2,February,0,0,0,0,2,0,0,0,0
2/22/2025,2025-02-22T02:25:42.9775990,2,Before 6AM,22,6,Saturday,Yes,2,February,0,0,0,0,2,0,0,0,0
2/22/2025,2025-02-22T02:25:45.8257460,2,Before 6AM,22,6,Saturday,Yes,2,February,0,0,0,0,2,0,0,0,0
2/22/2025,2025-02-22T02:25:54.2057090,2,Before 6AM,22,6,Saturday,Yes,2,February,0,0,0,0,2,0,0,0,0
2/22/2025,2025-02-22T02:26:01.5091000,2,Before 6AM,22,6,Saturday,Yes,2,February,0,0,0,0,2,0,0,0,0
2/22/2025,2025-02-22T02:26:04.1101110,2,Before 6AM,22,6,Saturday,Yes,2,February,0,0,0,0,2,0,0,0,0
2/22/2025,2025-02-22T02:26:29.4768710,2,Before 6AM,22,6,Saturday,Yes,2,February,0,0,0,0,3,0,0,0,0
2/22/2025,2025-02-22T02:26:30.6690880,2,Before 6AM,22,6,Saturday,Yes,2,February,0,0,0,0,2,0,0,0,0
2/22/2025,2025-02-22T02:26:33.1484300,2,Before 6AM,22,6,Saturday,Yes,2,February,0,0,0,0,3,0,0,0,0
2/22/2025,2025-02-22T02:26:36.2262780,2,Before 6AM,22,6,Saturday,Yes,2,February,0,0,0,0,2,0,0,0,0
2/22/2025,2025-02-22T02:26:38.2262290,2,Before 6AM,22,6,Saturday,Yes,2,February,0,0,0,0,2,0,0,0,0
2/22/2025,2025-02-22T02:27:33.9403410,2,Before 6AM,22,6,Saturday,Yes,2,February,0,0,0,0,1,0,0,0,0
2/22/2025,2025-02-22T02:27:35.5760530,2,Before 6AM,22,6,Saturday,Yes,2,February,0,0,0,0,3,0,0,0,0
2/22/2025,2025-02-22T02:27:45.8267150,2,Before 6AM,22,6,Saturday,Yes,2,February,1,0,0,0,3,0.333333333,0,0,0
2/22/2025,2025-02-22T02:27:49.5803040,2,Before 6AM,22,6,Saturday,Yes,2,February,0,0,0,0,2,0,0,0,0
2/22/2025,2025-02-22T02:52:57.2431430,2,Before 6AM,22,6,Saturday,Yes,2,February,0,0,0,0,2,0,0,0,0
2/22/2025,2025-02-22T03:04:14.4356360,3,Before 6AM,22,6,Saturday,Yes,2,February,0,0,0,0,2,0,0,0,0
2/22/2025,2025-02-22T03:16:05.1450000,3,Before 6AM,22,6,Saturday,Yes,2,February,0,0,0,0,2,0,0,0,0
2/22/2025,2025-02-22T03:42:37.4949530,3,Before 6AM,22,6,Saturday,Yes,2,February,0,0,0,0,2,0,0,0,0
2/22/2025,2025-02-22T04:11:29.3010660,4,Before 6AM,22,6,Saturday,Yes,2,February,1,0,0,0,2,0.5,0,0,0
2/22/2025,2025-02-22T04:11:30.6179360,4,Before 6AM,22,6,Saturday,Yes,2,February,0,0,0,0,1,0,0,0,0
2/22/2025,2025-02-22T04:13:38.1896470,4,Before 6AM,22,6,Saturday,Yes,2,February,0,0,0,0,1,0,0,0,0
2/22/2025,2025-02-22T04:13:38.9665670,4,Before 6AM,22,6,Saturday,Yes,2,February,0,0,0,0,1,0,0,0,0
2/22/2025,2025-02-22T04:13:39.4744150,4,Before 6AM,22,6,Saturday,Yes,2,February,0,0,0,0,1,0,0,0,0
2/22/2025,2025-02-22T04:13:47.4775850,4,Before 6AM,22,6,Saturday,Yes,2,February,0,0,0,0,1,0,0,0,0
2/22/2025,2025-02-22T04:13:56.6101890,4,Before 6AM,22,6,Saturday,Yes,2,February,0,0,0,0,1,0,0,0,0
2/22/2025,2025-02-22T04:13:58.6528520,4,Before 6AM,22,6,Saturday,Yes,2,February,0,0,0,0,1,0,0,0,0
2/22/2025,2025-02-22T04:16:28.2500200,4,Before 6AM,22,6,Saturday,Yes,2,February,0,0,0,0,1,0,0,0,0
2/22/2025,2025-02-22T04:26:14.1484680,4,Before 6AM,22,6,Saturday,Yes,2,February,0,0,0,0,1,0,0,0,0
2/22/2025,2025-02-22T04:26:14.1671250,4,Before 6AM,22,6,Saturday,Yes,2,February,0,0,0,0,1,0,0,0,0
2/22/2025,2025-02-22T04:26:23.6913800,4,Before 6AM,22,6,Saturday,Yes,2,February,0,0,0,0,1,0,0,0,0
2/22/2025,2025-02-22T04:44:25.0181600,4,Before 6AM,22,6,Saturday,Yes,2,February,0,0,0,0,1,0,0,0,0
2/22/2025,2025-02-22T04:49:27.0526190,4,Before 6AM,22,6,Saturday,Yes,2,February,0,0,0,0,1,0,0,0,0
2/22/2025,2025-02-22T04:49:32.0130930,4,Before 6AM,22,6,Saturday,Yes,2,February,0,0,0,0,1,0,0,0,0
2/22/2025,2025-02-22T04:50:48.2551320,4,Before 6AM,22,6,Saturday,Yes,2,February,0,0,0,0,1,0,0,0,0
2/22/2025,2025-02-22T05:10:35.9555250,5,Before 6AM,22,6,Saturday,Yes,2,February,0,0,0,0,1,0,0,0,0
2/22/2025,2025-02-22T05:11:59.5128150,5,Before 6AM,22,6,Saturday,Yes,2,February,0,0,0,0,1,0,0,0,0
2/22/2025,2025-02-22T05:12:31.1670440,5,Before 6AM,22,6,Saturday,Yes,2,February,0,0,0,0,1,0,0,0,0
2/22/2025,2025-02-22T05:13:08.8011680,5,Before 6AM,22,6,Saturday,Yes,2,February,0,0,0,0,1,0,0,0,0
2/22/2025,2025-02-22T05:37:42.8120150,5,Before 6AM,22,6,Saturday,Yes,2,February,0,0,0,0,1,0,0,0,0
2/22/2025,2025-02-22T05:38:13.0457830,5,Before 6AM,22,6,Saturday,Yes,2,February,0,0,0,0,1,0,0,0,0
2/22/2025,2025-02-22T05:40:54.0412750,5,Before 6AM,22,6,Saturday,Yes,2,February,0,0,0,0,1,0,0,0,0
2/22/2025,2025-02-22T05:41:02.1580840,5,Before 6AM,22,6,Saturday,Yes,2,February,0,0,0,0,1,0,0,0,0
2/22/2025,2025-02-22T05:41:07.6683410,5,Before 6AM,22,6,Saturday,Yes,2,February,0,0,0,0,1,0,0,0,0
2/22/2025,2025-02-22T05:41:16.9844080,5,Before 6AM,22,6,Saturday,Yes,2,February,0,0,0,0,1,0,0,0,0
2/22/2025,2025-02-22T05:41:17.1856360,5,Before 6AM,22,6,Saturday,Yes,2,February,0,0,0,0,1,0,0,0,0
2/22/2025,2025-02-22T05:41:17.7614040,5,Before 6AM,22,6,Saturday,Yes,2,February,0,0,0,0,1,0,0,0,0
2/22/2025,2025-02-22T05:41:17.8975390,5,Before 6AM,22,6,Saturday,Yes,2,February,0,0,0,0,1,0,0,0,0
2/22/2025,2025-02-22T05:41:18.1109440,5,Before 6AM,22,6,Saturday,Yes,2,February,0,0,0,0,1,0,0,0,0
2/22/2025,2025-02-22T05:41:18.1585020,5,Before 6AM,22,6,Saturday,Yes,2,February,0,0,0,0,1,0,0,0,0
2/22/2025,2025-02-22T05:41:23.4872130,5,Before 6AM,22,6,Saturday,Yes,2,February,0,0,0,0,1,0,0,0,0
2/22/2025,2025-02-22T05:41:25.9640480,5,Before 6AM,22,6,Saturday,Yes,2,February,0,0,0,0,1,0,0,0,0
2/22/2025,2025-02-22T05:41:26.2939380,5,Before 6AM,22,6,Saturday,Yes,2,February,0,0,0,0,1,0,0,0,0
2/22/2025,2025-02-22T05:41:27.3129630,5,Before 6AM,22,6,Saturday,Yes,2,February,0,0,0,0,1,0,0,0,0
2/22/2025,2025-02-22T05:41:40.2230000,5,Before 6AM,22,6,Saturday,Yes,2,February,0,0,0,0,1,0,0,0,0
2/22/2025,2025-02-22T05:50:17.2903400,5,Before 6AM,22,6,Saturday,Yes,2,February,0,0,0,0,1,0,0,0,0
2/22/2025,2025-02-22T05:51:24.0190780,5,Before 6AM,22,6,Saturday,Yes,2,February,0,0,0,0,1,0,0,0,0
2/22/2025,2025-02-22T05:55:12.1761640,5,Before 6AM,22,6,Saturday,Yes,2,February,0,0,0,0,1,0,0,0,0
2/22/2025,2025-02-22T06:13:28.9096180,6,Before 6AM,22,6,Saturday,Yes,2,February,0,0,0,0,1,0,0,0,0
2/22/2025,2025-02-22T06:14:09.3796350,6,Before 6AM,22,6,Saturday,Yes,2,February,0,0,0,0,1,0,0,0,0
2/22/2025,2025-02-22T06:14:10.2844200,6,Before 6AM,22,6,Saturday,Yes,2,February,0,0,0,0,1,0,0,0,0
2/22/2025,2025-02-22T06:14:11.9066490,6,Before 6AM,22,6,Saturday,Yes,2,February,0,0,0,0,1,0,0,0,0
2/22/2025,2025-02-22T16:19:32.6786050,16,12PM to 8PM,22,6,Saturday,Yes,2,February,0,0,0,0,1,0,0,0,0
2/22/2025,2025-02-22T16:30:01.6358890,16,12PM to 8PM,22,6,Saturday,Yes,2,February,0,0,0,0,1,0,0,0,0
2/22/2025,2025-02-22T16:30:59.4526150,16,12PM to 8PM,22,6,Saturday,Yes,2,February,0,0,0,0,1,0,0,0,0
2/22/2025,2025-02-22T16:31:28.2539760,16,12PM to 8PM,22,6,Saturday,Yes,2,February,0,0,0,0,1,0,0,0,0
2/22/2025,2025-02-22T16:31:31.1066270,16,12PM to 8PM,22,6,Saturday,Yes,2,February,0,0,0,0,1,0,0,0,0
2/22/2025,2025-02-22T16:31:31.1196420,16,12PM to 8PM,22,6,Saturday,Yes,2,February,0,0,0,0,1,0,0,0,0
2/22/2025,2025-02-22T16:31:33.9265220,16,12PM to 8PM,22,6,Saturday,Yes,2,February,0,0,0,0,2,0,0,0,0
2/22/2025,2025-02-22T16:31:35.8409210,16,12PM to 8PM,22,6,Saturday,Yes,2,February,0,0,0,0,1,0,0,0,0
2/22/2025,2025-02-22T16:31:37.3029040,16,12PM to 8PM,22,6,Saturday,Yes,2,February,0,0,0,0,1,0,0,0,0
2/22/2025,2025-02-22T16:31:39.2939010,16,12PM to 8PM,22,6,Saturday,Yes,2,February,0,0,0,0,1,0,0,0,0
2/22/2025,2025-02-22T16:32:56.6256540,16,12PM to 8PM,22,6,Saturday,Yes,2,February,0,0,0,0,1,0,0,0,0
2/22/2025,2025-02-22T16:32:58.5447890,16,12PM to 8PM,22,6,Saturday,Yes,2,February,0,0,0,0,1,0,0,0,0
2/22/2025,2025-02-22T16:42:53.6170940,16,12PM to 8PM,22,6,Saturday,Yes,2,February,0,0,0,0,1,0,0,0,0
2/22/2025,2025-02-22T16:42:56.3324500,16,12PM to 8PM,22,6,Saturday,Yes,2,February,0,0,0,0,1,0,0,0,0
2/22/2025,2025-02-22T16:42:58.6637380,16,12PM to 8PM,22,6,Saturday,Yes,2,February,0,0,0,0,1,0,0,0,0
2/22/2025,2025-02-22T17:09:03.1136180,17,12PM to 8PM,22,6,Saturday,Yes,2,February,0,0,0,0,1,0,0,0,0
2/22/2025,2025-02-22T17:09:05.1926550,17,12PM to 8PM,22,6,Saturday,Yes,2,February,0,0,0,0,1,0,0,0,0
2/22/2025,2025-02-22T17:12:27.0672470,17,12PM to 8PM,22,6,Saturday,Yes,2,February,0,0,0,0,1,0,0,0,0
2/22/2025,2025-02-22T17:12:37.4868890,17,12PM to 8PM,22,6,Saturday,Yes,2,February,0,0,0,0,1,0,0,0,0
2/22/2025,2025-02-22T17:15:16.9215420,17,12PM to 8PM,22,6,Saturday,Yes,2,February,0,0,0,0,1,0,0,0,0
2/22/2025,2025-02-22T17:19:20.7974270,17,12PM to 8PM,22,6,Saturday,Yes,2,February,0,0,0,0,1,0,0,0,0
2/23/2025,2025-02-23T15:44:04.7832420,15,12PM to 8PM,23,0,Sunday,Yes,2,February,0,0,0,0,1,0,0,0,0
2/23/2025,2025-02-23T15:51:08.4621130,15,12PM to 8PM,23,0,Sunday,Yes,2,February,0,0,0,0,1,0,0,0,0
2/23/2025,2025-02-23T15:51:17.1236160,15,12PM to 8PM,23,0,Sunday,Yes,2,February,0,0,0,0,1,0,0,0,0
2/23/2025,2025-02-23T15:51:17.1351420,15,12PM to 8PM,23,0,Sunday,Yes,2,February,0,0,0,0,1,0,0,0,0
2/23/2025,2025-02-23T15:51:28.5762310,15,12PM to 8PM,23,0,Sunday,Yes,2,February,0,0,0,0,2,0,0,0,0
2/23/2025,2025-02-23T15:52:09.7227330,15,12PM to 8PM,23,0,Sunday,Yes,2,February,0,0,0,0,1,0,0,0,0
2/23/2025,2025-02-23T15:52:38.9593470,15,12PM to 8PM,23,0,Sunday,Yes,2,February,0,0,0,0,1,0,0,0,0
2/23/2025,2025-02-23T15:53:05.4324620,15,12PM to 8PM,23,0,Sunday,Yes,2,February,0,0,0,0,1,0,0,0,0
2/23/2025,2025-02-23T15:55:39.5074030,15,12PM to 8PM,23,0,Sunday,Yes,2,February,0,0,0,0,1,0,0,0,0
2/23/2025,2025-02-23T16:08:53.7813360,16,12PM to 8PM,23,0,Sunday,Yes,2,February,0,0,0,0,1,0,0,0,0
2/23/2025,2025-02-23T16:08:54.5964720,16,12PM to 8PM,23,0,Sunday,Yes,2,February,0,0,0,0,1,0,0,0,0
2/23/2025,2025-02-23T16:08:55.3028670,16,12PM to 8PM,23,0,Sunday,Yes,2,February,0,0,0,0,1,0,0,0,0
2/23/2025,2025-02-23T16:37:01.7703250,16,12PM to 8PM,23,0,Sunday,Yes,2,February,0,0,0,0,1,0,0,0,0
2/23/2025,2025-02-23T16:41:54.4511630,16,12PM to 8PM,23,0,Sunday,Yes,2,February,0,0,0,0,1,0,0,0,0
2/23/2025,2025-02-23T16:41:55.3054310,16,12PM to 8PM,23,0,Sunday,Yes,2,February,0,0,0,0,1,0,0,0,0
2/23/2025,2025-02-23T16:41:57.8433600,16,12PM to 8PM,23,0,Sunday,Yes,2,February,0,0,0,0,1,0,0,0,0
2/23/2025,2025-02-23T16:43:11.8033040,16,12PM to 8PM,23,0,Sunday,Yes,2,February,0,0,0,0,1,0,0,0,0
2/23/2025,2025-02-23T16:43:12.6850450,16,12PM to 8PM,23,0,Sunday,Yes,2,February,0,0,0,0,1,0,0,0,0
2/23/2025,2025-02-23T16:43:13.3362140,16,12PM to 8PM,23,0,Sunday,Yes,2,February,0,0,0,0,1,0,0,0,0
2/23/2025,2025-02-23T16:48:18.4214390,16,12PM to 8PM,23,0,Sunday,Yes,2,February,0,0,0,0,1,0,0,0,0
2/23/2025,2025-02-23T16:48:34.9489000,16,12PM to 8PM,23,0,Sunday,Yes,2,February,0,0,0,0,1,0,0,0,0
2/23/2025,2025-02-23T16:48:37.4674690,16,12PM to 8PM,23,0,Sunday,Yes,2,February,0,0,0,0,1,0,0,0,0
2/23/2025,2025-02-23T16:49:37.1061800,16,12PM to 8PM,23,0,Sunday,Yes,2,February,0,0,0,0,1,0,0,0,0
2/23/2025,2025-02-23T16:49:37.3656490,16,12PM to 8PM,23,0,Sunday,Yes,2,February,0,0,0,0,1,0,0,0,0
2/23/2025,2025-02-23T16:50:41.2231800,16,12PM to 8PM,23,0,Sunday,Yes,2,February,0,0,0,0,1,0,0,0,0
2/23/2025,2025-02-23T16:51:17.5230170,16,12PM to 8PM,23,0,Sunday,Yes,2,February,0,0,0,0,2,0,0,0,0
2/23/2025,2025-02-23T16:51:22.0178760,16,12PM to 8PM,23,0,Sunday,Yes,2,February,0,0,0,0,1,0,0,0,0
2/23/2025,2025-02-23T22:32:19.2438690,22,After 8PM,23,0,Sunday,Yes,2,February,0,0,0,0,1,0,0,0,0
2/23/2025,2025-02-23T22:32:20.1561570,22,After 8PM,23,0,Sunday,Yes,2,February,0,0,0,0,1,0,0,0,0
2/23/2025,2025-02-23T22:32:20.9896560,22,After 8PM,23,0,Sunday,Yes,2,February,0,0,0,0,1,0,0,0,0
2/23/2025,2025-02-23T22:33:18.5140820,22,After 8PM,23,0,Sunday,Yes,2,February,0,0,0,0,1,0,0,0,0
2/23/2025,2025-02-23T22:33:19.3223530,22,After 8PM,23,0,Sunday,Yes,2,February,0,0,0,0,1,0,0,0,0
2/23/2025,2025-02-23T22:35:07.4133460,22,After 8PM,23,0,Sunday,Yes,2,February,0,0,0,0,1,0,0,0,0
2/23/2025,2025-02-23T22:37:01.5953080,22,After 8PM,23,0,Sunday,Yes,2,February,0,0,0,0,1,0,0,0,0
2/23/2025,2025-02-23T22:43:24.7465390,22,After 8PM,23,0,Sunday,Yes,2,February,0,0,0,0,1,0,0,0,0
2/23/2025,2025-02-23T22:43:48.7751340,22,After 8PM,23,0,Sunday,Yes,2,February,0,0,0,0,1,0,0,0,0
2/23/2025,2025-02-23T22:43:51.0022660,22,After 8PM,23,0,Sunday,Yes,2,February,0,0,0,0,1,0,0,0,0
2/23/2025,2025-02-23T22:43:51.8338550,22,After 8PM,23,0,Sunday,Yes,2,February,0,0,0,0,1,0,0,0,0
2/23/2025,2025-02-23T23:00:27.0956530,23,After 8PM,23,0,Sunday,Yes,2,February,0,0,0,0,1,0,0,0,0
2/23/2025,2025-02-23T23:01:14.7359910,23,After 8PM,23,0,Sunday,Yes,2,February,0,0,0,0,1,0,0,0,0
2/23/2025,2025-02-23T23:01:24.3358240,23,After 8PM,23,0,Sunday,Yes,2,February,0,0,0,0,1,0,0,0,0
2/23/2025,2025-02-23T23:01:50.7631510,23,After 8PM,23,0,Sunday,Yes,2,February,0,0,0,0,1,0,0,0,0
2/23/2025,2025-02-23T23:01:56.2004260,23,After 8PM,23,0,Sunday,Yes,2,February,0,0,0,0,1,0,0,0,0
2/23/2025,2025-02-23T23:01:57.8029490,23,After 8PM,23,0,Sunday,Yes,2,February,0,0,0,0,1,0,0,0,0
2/23/2025,2025-02-23T23:02:00.3210860,23,After 8PM,23,0,Sunday,Yes,2,February,0,0,0,0,1,0,0,0,0
2/23/2025,2025-02-23T23:02:08.8520070,23,After 8PM,23,0,Sunday,Yes,2,February,0,0,0,0,1,0,0,0,0
2/23/2025,2025-02-23T23:02:15.5353350,23,After 8PM,23,0,Sunday,Yes,2,February,0,0,0,0,1,0,0,0,0
2/23/2025,2025-02-23T23:06:49.8233970,23,After 8PM,23,0,Sunday,Yes,2,February,0,0,0,0,1,0,0,0,0
2/23/2025,2025-02-23T23:07:01.2378410,23,After 8PM,23,0,Sunday,Yes,2,February,0,0,0,0,1,0,0,0,0
2/23/2025,2025-02-23T23:07:07.8864270,23,After 8PM,23,0,Sunday,Yes,2,February,0,0,0,0,1,0,0,0,0
2/23/2025,2025-02-23T23:07:12.2326890,23,After 8PM,23,0,Sunday,Yes,2,February,0,0,0,0,1,0,0,0,0
2/23/2025,2025-02-23T23:07:55.9200660,23,After 8PM,23,0,Sunday,Yes,2,February,0,0,0,0,1,0,0,0,0
2/23/2025,2025-02-23T23:08:14.4920520,23,After 8PM,23,0,Sunday,Yes,2,February,0,0,0,0,1,0,0,0,0
2/23/2025,2025-02-23T23:09:20.0760920,23,After 8PM,23,0,Sunday,Yes,2,February,0,0,0,0,1,0,0,0,0
2/23/2025,2025-02-23T23:14:29.0818650,23,After 8PM,23,0,Sunday,Yes,2,February,0,0,0,0,1,0,0,0,0
2/23/2025,2025-02-23T23:15:04.4062500,23,After 8PM,23,0,Sunday,Yes,2,February,0,0,0,0,1,0,0,0,0
2/23/2025,2025-02-23T23:15:11.4834620,23,After 8PM,23,0,Sunday,Yes,2,February,0,0,0,0,1,0,0,0,0
2/23/2025,2025-02-23T23:16:23.6435310,23,After 8PM,23,0,Sunday,Yes,2,February,0,0,0,0,1,0,0,0,0
2/23/2025,2025-02-23T23:16:32.7081630,23,After 8PM,23,0,Sunday,Yes,2,February,0,0,0,0,1,0,0,0,0
2/23/2025,2025-02-23T23:16:39.4382570,23,After 8PM,23,0,Sunday,Yes,2,February,0,0,0,0,3,0,0,0,0
2/23/2025,2025-02-23T23:16:41.7720320,23,After 8PM,23,0,Sunday,Yes,2,February,0,0,0,0,1,0,0,0,0
2/23/2025,2025-02-23T23:16:52.6188590,23,After 8PM,23,0,Sunday,Yes,2,February,0,0,0,0,1,0,0,0,0
2/23/2025,2025-02-23T23:16:54.1496090,23,After 8PM,23,0,Sunday,Yes,2,February,0,0,0,0,2,0,0,0,0
2/23/2025,2025-02-23T23:17:18.2327190,23,After 8PM,23,0,Sunday,Yes,2,February,0,0,0,0,1,0,0,0,0
2/23/2025,2025-02-23T23:17:19.6540630,23,After 8PM,23,0,Sunday,Yes,2,February,0,0,0,0,1,0,0,0,0
2/23/2025,2025-02-23T23:17:39.8948080,23,After 8PM,23,0,Sunday,Yes,2,February,0,0,0,0,1,0,0,0,0
2/23/2025,2025-02-23T23:17:45.4357430,23,After 8PM,23,0,Sunday,Yes,2,February,0,0,0,0,1,0,0,0,0
2/23/2025,2025-02-23T23:18:58.8902270,23,After 8PM,23,0,Sunday,Yes,2,February,0,0,0,0,2,0,0,0,0
2/23/2025,2025-02-23T23:19:07.1944410,23,After 8PM,23,0,Sunday,Yes,2,February,0,0,0,0,1,0,0,0,0
2/23/2025,2025-02-23T23:19:31.3496210,23,After 8PM,23,0,Sunday,Yes,2,February,0,0,0,0,1,0,0,0,0
2/23/2025,2025-02-23T23:19:38.6127370,23,After 8PM,23,0,Sunday,Yes,2,February,0,0,0,0,2,0,0,0,0
2/23/2025,2025-02-23T23:19:48.7295310,23,After 8PM,23,0,Sunday,Yes,2,February,0,0,0,0,1,0,0,0,0
2/23/2025,2025-02-23T23:20:09.0979590,23,After 8PM,23,0,Sunday,Yes,2,February,0,0,0,0,1,0,0,0,0
2/23/2025,2025-02-23T23:20:12.4213270,23,After 8PM,23,0,Sunday,Yes,2,February,0,0,0,0,1,0,0,0,0
2/23/2025,2025-02-23T23:20:28.1351790,23,After 8PM,23,0,Sunday,Yes,2,February,0,0,0,0,1,0,0,0,0
2/23/2025,2025-02-23T23:20:46.7161160,23,After 8PM,23,0,Sunday,Yes,2,February,0,0,0,0,1,0,0,0,0
2/23/2025,2025-02-23T23:20:47.5859680,23,After 8PM,23,0,Sunday,Yes,2,February,0,0,0,0,1,0,0,0,0
2/23/2025,2025-02-23T23:22:35.0563440,23,After 8PM,23,0,Sunday,Yes,2,February,0,0,0,0,1,0,0,0,0
2/23/2025,2025-02-23T23:24:11.2053120,23,After 8PM,23,0,Sunday,Yes,2,February,0,0,0,0,1,0,0,0,0
2/23/2025,2025-02-23T23:34:28.3093590,23,After 8PM,23,0,Sunday,Yes,2,February,0,0,0,0,1,0,0,0,0
2/23/2025,2025-02-23T23:36:35.8962690,23,After 8PM,23,0,Sunday,Yes,2,February,0,0,0,0,1,0,0,0,0
2/23/2025,2025-02-23T23:37:26.3822010,23,After 8PM,23,0,Sunday,Yes,2,February,0,0,0,0,1,0,0,0,0
2/24/2025,2025-02-24T00:03:41.0888670,0,Before 6AM,24,1,Monday,No,2,February,0,0,0,0,1,0,0,0,0
2/24/2025,2025-02-24T00:03:41.8764560,0,Before 6AM,24,1,Monday,No,2,February,0,0,0,0,1,0,0,0,0
2/24/2025,2025-02-24T00:03:42.6210320,0,Before 6AM,24,1,Monday,No,2,February,0,0,0,0,1,0,0,0,0
2/24/2025,2025-02-24T00:06:43.4198790,0,Before 6AM,24,1,Monday,No,2,February,0,0,0,0,1,0,0,0,0
2/24/2025,2025-02-24T00:06:44.5599150,0,Before 6AM,24,1,Monday,No,2,February,0,0,0,0,1,0,0,0,0
2/24/2025,2025-02-24T00:06:45.6987350,0,Before 6AM,24,1,Monday,No,2,February,0,0,0,0,2,0,0,0,0
2/24/2025,2025-02-24T00:06:46.5665620,0,Before 6AM,24,1,Monday,No,2,February,0,0,0,0,1,0,0,0,0
2/24/2025,2025-02-24T00:06:58.8756790,0,Before 6AM,24,1,Monday,No,2,February,0,0,0,0,1,0,0,0,0
2/24/2025,2025-02-24T00:07:02.0770200,0,Before 6AM,24,1,Monday,No,2,February,0,0,0,0,1,0,0,0,0
2/24/2025,2025-02-24T00:07:30.9454780,0,Before 6AM,24,1,Monday,No,2,February,0,0,0,0,1,0,0,0,0
2/24/2025,2025-02-24T00:07:40.4070880,0,Before 6AM,24,1,Monday,No,2,February,0,0,0,0,1,0,0,0,0
2/24/2025,2025-02-24T00:07:43.7637900,0,Before 6AM,24,1,Monday,No,2,February,0,0,0,0,1,0,0,0,0
2/24/2025,2025-02-24T00:07:46.5912870,0,Before 6AM,24,1,Monday,No,2,February,0,0,0,0,1,0,0,0,0
2/24/2025,2025-02-24T00:07:46.6028970,0,Before 6AM,24,1,Monday,No,2,February,0,0,0,0,1,0,0,0,0
2/24/2025,2025-02-24T01:08:44.7698560,1,Before 6AM,24,1,Monday,No,2,February,0,0,0,0,1,0,0,0,0
2/24/2025,2025-02-24T01:09:49.7738190,1,Before 6AM,24,1,Monday,No,2,February,0,0,0,0,1,0,0,0,0
2/24/2025,2/24/2025 1:09:52 AM,1,Before 6AM,24,1,Monday,No,2,February,0,0,0,0,1,0,0,0,0
2/24/2025,2025-02-24T01:11:26.3269870,1,Before 6AM,24,1,Monday,No,2,February,0,0,0,0,1,0,0,0,0
2/24/2025,2025-02-24T01:11:34.2328020,1,Before 6AM,24,1,Monday,No,2,February,0,0,0,0,1,0,0,0,0
2/24/2025,2025-02-24T01:13:16.3223950,1,Before 6AM,24,1,Monday,No,2,February,0,0,0,0,1,0,0,0,0
2/24/2025,2025-02-24T01:13:24.3800890,1,Before 6AM,24,1,Monday,No,2,February,0,0,0,0,1,0,0,0,0
2/24/2025,2025-02-24T01:13:28.3512060,1,Before 6AM,24,1,Monday,No,2,February,0,0,0,0,1,0,0,0,0
2/24/2025,2025-02-24T01:15:54.8461650,1,Before 6AM,24,1,Monday,No,2,February,0,0,0,0,1,0,0,0,0
2/24/2025,2025-02-24T01:23:45.1826970,1,Before 6AM,24,1,Monday,No,2,February,0,0,0,0,1,0,0,0,0
2/24/2025,2025-02-24T01:23:49.6079680,1,Before 6AM,24,1,Monday,No,2,February,0,0,0,0,1,0,0,0,0
2/24/2025,2025-02-24T01:23:58.7664140,1,Before 6AM,24,1,Monday,No,2,February,0,0,0,0,1,0,0,0,0
2/24/2025,2025-02-24T01:24:15.2729480,1,Before 6AM,24,1,Monday,No,2,February,0,0,0,0,1,0,0,0,0
2/24/2025,2025-02-24T01:24:17.8846430,1,Before 6AM,24,1,Monday,No,2,February,0,0,0,0,1,0,0,0,0
2/24/2025,2025-02-24T01:27:09.4470110,1,Before 6AM,24,1,Monday,No,2,February,0,0,0,0,2,0,0,0,0
2/24/2025,2025-02-24T01:27:14.2924220,1,Before 6AM,24,1,Monday,No,2,February,0,0,0,0,2,0,0,0,0
2/24/2025,2025-02-24T01:27:16.4468140,1,Before 6AM,24,1,Monday,No,2,February,0,0,0,0,2,0,0,0,0
2/24/2025,2025-02-24T01:27:33.6587280,1,Before 6AM,24,1,Monday,No,2,February,0,0,0,0,2,0,0,0,0
2/24/2025,2025-02-24T01:27:48.2335720,1,Before 6AM,24,1,Monday,No,2,February,0,0,0,0,2,0,0,0,0
2/24/2025,2025-02-24T01:28:19.4230490,1,Before 6AM,24,1,Monday,No,2,February,0,0,0,0,1,0,0,0,0
2/24/2025,2025-02-24T01:29:01.6628390,1,Before 6AM,24,1,Monday,No,2,February,0,0,0,0,2,0,0,0,0
2/24/2025,2025-02-24T01:29:24.9186300,1,Before 6AM,24,1,Monday,No,2,February,0,0,0,0,2,0,0,0,0
2/24/2025,2025-02-24T01:29:29.9174910,1,Before 6AM,24,1,Monday,No,2,February,0,0,0,0,2,0,0,0,0
2/24/2025,2025-02-24T01:29:53.4931860,1,Before 6AM,24,1,Monday,No,2,February,0,0,0,0,2,0,0,0,0
2/24/2025,2025-02-24T01:30:02.8464530,1,Before 6AM,24,1,Monday,No,2,February,0,0,0,0,1,0,0,0,0
2/24/2025,2025-02-24T01:30:14.3193600,1,Before 6AM,24,1,Monday,No,2,February,0,0,0,0,1,0,0,0,0
2/24/2025,2025-02-24T01:30:20.8299020,1,Before 6AM,24,1,Monday,No,2,February,0,0,0,0,1,0,0,0,0
2/24/2025,2025-02-24T01:30:30.3282070,1,Before 6AM,24,1,Monday,No,2,February,0,0,0,0,1,0,0,0,0
2/24/2025,2025-02-24T01:30:31.0348090,1,Before 6AM,24,1,Monday,No,2,February,0,0,0,0,1,0,0,0,0
2/24/2025,2025-02-24T01:30:38.2112470,1,Before 6AM,24,1,Monday,No,2,February,0,0,0,0,1,0,0,0,0
2/24/2025,2025-02-24T01:30:47.3913720,1,Before 6AM,24,1,Monday,No,2,February,0,0,0,0,1,0,0,0,0
2/24/2025,2025-02-24T01:30:55.6198210,1,Before 6AM,24,1,Monday,No,2,February,0,0,0,0,1,0,0,0,0
2/24/2025,2025-02-24T01:31:12.8322420,1,Before 6AM,24,1,Monday,No,2,February,0,0,0,0,1,0,0,0,0
2/24/2025,2025-02-24T01:33:14.7766130,1,Before 6AM,24,1,Monday,No,2,February,0,0,0,0,1,0,0,0,0
2/24/2025,2025-02-24T01:33:23.7280700,1,Before 6AM,24,1,Monday,No,2,February,0,0,0,0,1,0,0,0,0
2/24/2025,2025-02-24T01:34:46.5857640,1,Before 6AM,24,1,Monday,No,2,February,0,0,0,0,1,0,0,0,0
2/24/2025,2025-02-24T01:34:51.3463210,1,Before 6AM,24,1,Monday,No,2,February,0,0,0,0,1,0,0,0,0
2/24/2025,2025-02-24T01:49:01.7856120,1,Before 6AM,24,1,Monday,No,2,February,0,0,0,0,1,0,0,0,0
2/24/2025,2025-02-24T01:50:15.7796720,1,Before 6AM,24,1,Monday,No,2,February,0,0,0,0,1,0,0,0,0
2/24/2025,2025-02-24T01:50:45.7537230,1,Before 6AM,24,1,Monday,No,2,February,0,0,0,0,1,0,0,0,0
2/24/2025,2025-02-24T01:50:50.1112880,1,Before 6AM,24,1,Monday,No,2,February,0,0,0,0,1,0,0,0,0
2/24/2025,2025-02-24T02:09:49.7078620,2,Before 6AM,24,1,Monday,No,2,February,0,0,0,0,1,0,0,0,0
2/24/2025,2025-02-24T02:17:18.5997190,2,Before 6AM,24,1,Monday,No,2,February,0,0,0,0,1,0,0,0,0
2/24/2025,2025-02-24T03:21:12.2845360,3,Before 6AM,24,1,Monday,No,2,February,0,0,0,0,1,0,0,0,0
2/24/2025,2025-02-24T03:25:12.7481170,3,Before 6AM,24,1,Monday,No,2,February,0,0,0,0,1,0,0,0,0
2/24/2025,2025-02-24T03:25:51.5158220,3,Before 6AM,24,1,Monday,No,2,February,0,0,0,0,1,0,0,0,0
2/24/2025,2025-02-24T03:26:17.5684270,3,Before 6AM,24,1,Monday,No,2,February,0,0,0,0,1,0,0,0,0
2/24/2025,2025-02-24T03:27:31.2763420,3,Before 6AM,24,1,Monday,No,2,February,0,0,0,0,1,0,0,0,0
2/24/2025,2025-02-24T03:28:06.9590580,3,Before 6AM,24,1,Monday,No,2,February,0,0,0,0,1,0,0,0,0
2/24/2025,2025-02-24T03:30:14.3055230,3,Before 6AM,24,1,Monday,No,2,February,0,0,0,0,1,0,0,0,0
2/24/2025,2025-02-24T03:30:17.5766010,3,Before 6AM,24,1,Monday,No,2,February,0,0,0,0,1,0,0,0,0
2/24/2025,2025-02-24T03:30:20.7801550,3,Before 6AM,24,1,Monday,No,2,February,0,0,0,0,1,0,0,0,0
2/24/2025,2025-02-24T03:30:34.2779830,3,Before 6AM,24,1,Monday,No,2,February,0,0,0,0,1,0,0,0,0
2/24/2025,2025-02-24T03:30:38.5702280,3,Before 6AM,24,1,Monday,No,2,February,0,0,0,0,1,0,0,0,0
2/24/2025,2025-02-24T18:17:10.7868550,18,12PM to 8PM,24,1,Monday,No,2,February,0,0,0,0,1,0,0,0,0
2/24/2025,2025-02-24T18:17:12.8261940,18,12PM to 8PM,24,1,Monday,No,2,February,0,0,0,0,1,0,0,0,0
2/24/2025,2025-02-24T18:17:27.6515730,18,12PM to 8PM,24,1,Monday,No,2,February,0,0,0,0,1,0,0,0,0
2/24/2025,2025-02-24T18:17:44.3710450,18,12PM to 8PM,24,1,Monday,No,2,February,0,0,0,0,1,0,0,0,0
2/24/2025,2025-02-24T18:17:49.0028360,18,12PM to 8PM,24,1,Monday,No,2,February,0,0,0,0,1,0,0,0,0
2/25/2025,2025-02-25T01:10:02.7185570,1,Before 6AM,25,2,Tuesday,No,2,February,0,0,0,0,2,0,0,0,0
2/25/2025,2025-02-25T01:10:05.8020260,1,Before 6AM,25,2,Tuesday,No,2,February,0,0,0,0,1,0,0,0,0
2/25/2025,2025-02-25T01:10:05.8195610,1,Before 6AM,25,2,Tuesday,No,2,February,0,0,0,0,1,0,0,0,0
2/25/2025,2025-02-25T01:11:52.9541660,1,Before 6AM,25,2,Tuesday,No,2,February,0,0,0,0,5,0,0,0,0
2/25/2025,2025-02-25T01:30:59.6890960,1,Before 6AM,25,2,Tuesday,No,2,February,0,0,0,0,2,0,0,0,0
2/25/2025,2025-02-25T01:31:00.5708410,1,Before 6AM,25,2,Tuesday,No,2,February,0,0,0,0,2,0,0,0,0
2/25/2025,2025-02-25T01:31:09.8760350,1,Before 6AM,25,2,Tuesday,No,2,February,0,0,0,0,2,0,0,0,0
2/25/2025,2025-02-25T01:31:34.0098310,1,Before 6AM,25,2,Tuesday,No,2,February,0,0,0,0,1,0,0,0,0
2/25/2025,2025-02-25T01:34:04.4343130,1,Before 6AM,25,2,Tuesday,No,2,February,2,0,0,0,5,0.4,0,0,0
2/25/2025,2025-02-25T01:35:27.2044430,1,Before 6AM,25,2,Tuesday,No,2,February,0,0,1,0,2,0,0,0.5,0
2/25/2025,2025-02-25T01:36:03.3754710,1,Before 6AM,25,2,Tuesday,No,2,February,0,0,0,0,2,0,0,0,0
2/25/2025,2025-02-25T01:36:08.1362610,1,Before 6AM,25,2,Tuesday,No,2,February,1,0,0,1,2,0.5,0,0,0.5
2/25/2025,2025-02-25T01:36:15.1150620,1,Before 6AM,25,2,Tuesday,No,2,February,0,0,0,0,2,0,0,0,0
2/25/2025,2025-02-25T01:36:24.0644280,1,Before 6AM,25,2,Tuesday,No,2,February,0,0,0,0,3,0,0,0,0
2/25/2025,2025-02-25T01:36:43.7472600,1,Before 6AM,25,2,Tuesday,No,2,February,0,0,0,0,4,0,0,0,0
2/25/2025,2025-02-25T01:36:46.4701480,1,Before 6AM,25,2,Tuesday,No,2,February,0,0,0,0,2,0,0,0,0
2/25/2025,2025-02-25T01:36:50.4811260,1,Before 6AM,25,2,Tuesday,No,2,February,0,0,0,0,2,0,0,0,0
2/25/2025,2025-02-25T01:38:32.1016170,1,Before 6AM,25,2,Tuesday,No,2,February,0,0,0,0,2,0,0,0,0
2/25/2025,2025-02-25T01:38:34.8329550,1,Before 6AM,25,2,Tuesday,No,2,February,0,0,0,0,2,0,0,0,0
2/25/2025,2025-02-25T01:38:37.4887620,1,Before 6AM,25,2,Tuesday,No,2,February,0,0,0,0,2,0,0,0,0
2/25/2025,2025-02-25T01:38:40.1188520,1,Before 6AM,25,2,Tuesday,No,2,February,0,0,0,0,2,0,0,0,0
2/25/2025,2025-02-25T01:38:41.4759390,1,Before 6AM,25,2,Tuesday,No,2,February,0,0,0,0,2,0,0,0,0
2/25/2025,2025-02-25T01:40:10.8411210,1,Before 6AM,25,2,Tuesday,No,2,February,0,0,0,0,2,0,0,0,0
2/25/2025,2025-02-25T01:44:20.7987430,1,Before 6AM,25,2,Tuesday,No,2,February,0,0,0,0,2,0,0,0,0
2/25/2025,2025-02-25T01:45:35.2617590,1,Before 6AM,25,2,Tuesday,No,2,February,0,0,0,0,2,0,0,0,0
2/25/2025,2025-02-25T01:49:22.6714680,1,Before 6AM,25,2,Tuesday,No,2,February,0,0,0,0,3,0,0,0,0
2/25/2025,2025-02-25T01:50:00.7748270,1,Before 6AM,25,2,Tuesday,No,2,February,0,0,0,0,1,0,0,0,0
2/25/2025,2025-02-25T01:51:07.8735420,1,Before 6AM,25,2,Tuesday,No,2,February,0,0,0,0,2,0,0,0,0
2/25/2025,2025-02-25T01:51:46.9473240,1,Before 6AM,25,2,Tuesday,No,2,February,0,0,0,0,1,0,0,0,0
2/25/2025,2025-02-25T01:52:05.6417400,1,Before 6AM,25,2,Tuesday,No,2,February,0,0,0,0,1,0,0,0,0
2/25/2025,2025-02-25T01:52:11.0024560,1,Before 6AM,25,2,Tuesday,No,2,February,0,0,0,0,1,0,0,0,0
2/25/2025,2025-02-25T01:55:33.0352090,1,Before 6AM,25,2,Tuesday,No,2,February,0,0,0,0,1,0,0,0,0
2/25/2025,2025-02-25T01:55:33.8805040,1,Before 6AM,25,2,Tuesday,No,2,February,0,0,0,0,1,0,0,0,0
2/25/2025,2025-02-25T01:55:34.7158190,1,Before 6AM,25,2,Tuesday,No,2,February,0,0,0,0,1,0,0,0,0
2/25/2025,2025-02-25T20:28:58.5381520,20,12PM to 8PM,25,2,Tuesday,No,2,February,0,0,0,0,2,0,0,0,0
2/25/2025,2025-02-25T20:29:00.1542350,20,12PM to 8PM,25,2,Tuesday,No,2,February,0,0,0,0,1,0,0,0,0
2/26/2025,2025-02-26T01:26:32.7292260,1,Before 6AM,26,3,Wednesday,No,2,February,0,0,0,0,2,0,0,0,0
2/26/2025,2025-02-26T01:26:39.1931870,1,Before 6AM,26,3,Wednesday,No,2,February,0,0,0,0,1,0,0,0,0
2/26/2025,2025-02-26T01:27:11.4230030,1,Before 6AM,26,3,Wednesday,No,2,February,0,0,0,0,2,0,0,0,0
2/26/2025,2025-02-26T01:27:14.9043870,1,Before 6AM,26,3,Wednesday,No,2,February,0,0,0,0,2,0,0,0,0
2/26/2025,2025-02-26T01:27:14.9221580,1,Before 6AM,26,3,Wednesday,No,2,February,0,0,0,0,2,0,0,0,0
2/26/2025,2025-02-26T01:27:24.6546230,1,Before 6AM,26,3,Wednesday,No,2,February,0,0,0,0,3,0,0,0,0
2/26/2025,2025-02-26T01:27:29.4199280,1,Before 6AM,26,3,Wednesday,No,2,February,0,0,0,0,4,0,0,0,0
2/26/2025,2025-02-26T01:27:33.7627920,1,Before 6AM,26,3,Wednesday,No,2,February,0,0,0,0,1,0,0,0,0
2/26/2025,2025-02-26T01:27:56.4921470,1,Before 6AM,26,3,Wednesday,No,2,February,0,0,0,0,1,0,0,0,0
2/26/2025,2025-02-26T01:28:08.1862340,1,Before 6AM,26,3,Wednesday,No,2,February,0,0,0,0,1,0,0,0,0
2/26/2025,2025-02-26T01:28:19.0446600,1,Before 6AM,26,3,Wednesday,No,2,February,0,0,0,0,1,0,0,0,0
2/26/2025,2025-02-26T01:28:21.6981570,1,Before 6AM,26,3,Wednesday,No,2,February,0,0,0,0,1,0,0,0,0
2/26/2025,2025-02-26T01:29:04.3845660,1,Before 6AM,26,3,Wednesday,No,2,February,0,0,0,0,2,0,0,0,0
2/26/2025,2025-02-26T01:29:04.4300840,1,Before 6AM,26,3,Wednesday,No,2,February,0,0,0,0,1,0,0,0,0
2/26/2025,2025-02-26T01:29:12.6334680,1,Before 6AM,26,3,Wednesday,No,2,February,0,0,0,0,2,0,0,0,0
2/26/2025,2025-02-26T01:29:38.3468040,1,Before 6AM,26,3,Wednesday,No,2,February,0,0,0,0,2,0,0,0,0
2/26/2025,2025-02-26T01:29:40.0982950,1,Before 6AM,26,3,Wednesday,No,2,February,0,0,0,0,1,0,0,0,0
2/26/2025,2025-02-26T01:30:32.4135160,1,Before 6AM,26,3,Wednesday,No,2,February,0,0,0,0,1,0,0,0,0
2/26/2025,2025-02-26T01:31:59.5850090,1,Before 6AM,26,3,Wednesday,No,2,February,0,0,0,0,2,0,0,0,0
2/26/2025,2025-02-26T01:32:19.6477380,1,Before 6AM,26,3,Wednesday,No,2,February,0,0,0,0,2,0,0,0,0
2/26/2025,2025-02-26T01:32:39.9849840,1,Before 6AM,26,3,Wednesday,No,2,February,0,0,0,0,1,0,0,0,0
2/26/2025,2025-02-26T01:33:29.5491250,1,Before 6AM,26,3,Wednesday,No,2,February,0,0,0,0,2,0,0,0,0
2/26/2025,2025-02-26T01:33:37.8633210,1,Before 6AM,26,3,Wednesday,No,2,February,0,0,0,0,2,0,0,0,0
2/26/2025,2025-02-26T01:34:01.6504020,1,Before 6AM,26,3,Wednesday,No,2,February,0,0,0,0,2,0,0,0,0
2/26/2025,2025-02-26T01:34:17.7364890,1,Before 6AM,26,3,Wednesday,No,2,February,0,0,0,0,2,0,0,0,0
2/26/2025,2025-02-26T01:34:28.7443910,1,Before 6AM,26,3,Wednesday,No,2,February,0,0,0,0,2,0,0,0,0
2/26/2025,2025-02-26T01:35:13.9613920,1,Before 6AM,26,3,Wednesday,No,2,February,0,0,0,0,2,0,0,0,0
2/26/2025,2025-02-26T01:35:21.8077960,1,Before 6AM,26,3,Wednesday,No,2,February,0,0,0,0,2,0,0,0,0
2/26/2025,2025-02-26T01:35:31.0486050,1,Before 6AM,26,3,Wednesday,No,2,February,0,0,0,0,2,0,0,0,0
2/26/2025,2025-02-26T01:35:49.7691670,1,Before 6AM,26,3,Wednesday,No,2,February,0,0,0,0,2,0,0,0,0
2/26/2025,2025-02-26T01:35:53.5748190,1,Before 6AM,26,3,Wednesday,No,2,February,0,0,0,0,2,0,0,0,0
2/26/2025,2025-02-26T01:35:59.8199400,1,Before 6AM,26,3,Wednesday,No,2,February,0,0,0,0,2,0,0,0,0
2/26/2025,2025-02-26T01:36:46.0795390,1,Before 6AM,26,3,Wednesday,No,2,February,0,0,0,0,2,0,0,0,0
2/26/2025,2025-02-26T01:42:42.0023920,1,Before 6AM,26,3,Wednesday,No,2,February,0,0,0,0,2,0,0,0,0
2/26/2025,2025-02-26T01:42:44.1645920,1,Before 6AM,26,3,Wednesday,No,2,February,0,0,0,0,2,0,0,0,0
2/26/2025,2025-02-26T01:42:50.0241400,1,Before 6AM,26,3,Wednesday,No,2,February,0,0,0,0,2,0,0,0,0
2/26/2025,2025-02-26T01:42:52.7987000,1,Before 6AM,26,3,Wednesday,No,2,February,0,0,0,0,2,0,0,0,0
2/26/2025,2025-02-26T01:43:02.9694790,1,Before 6AM,26,3,Wednesday,No,2,February,0,0,0,0,2,0,0,0,0
2/26/2025,2025-02-26T01:43:05.1922040,1,Before 6AM,26,3,Wednesday,No,2,February,0,0,0,0,2,0,0,0,0
2/26/2025,2025-02-26T01:43:11.4590770,1,Before 6AM,26,3,Wednesday,No,2,February,0,0,0,0,2,0,0,0,0
2/26/2025,2025-02-26T01:43:42.1898990,1,Before 6AM,26,3,Wednesday,No,2,February,0,0,0,0,2,0,0,0,0
2/26/2025,2025-02-26T01:43:49.1232870,1,Before 6AM,26,3,Wednesday,No,2,February,0,0,0,0,2,0,0,0,0
2/26/2025,2025-02-26T01:43:51.3645760,1,Before 6AM,26,3,Wednesday,No,2,February,0,0,0,0,2,0,0,0,0
2/26/2025,2025-02-26T01:43:55.2714360,1,Before 6AM,26,3,Wednesday,No,2,February,0,0,0,0,1,0,0,0,0
2/26/2025,2025-02-26T01:43:58.3910940,1,Before 6AM,26,3,Wednesday,No,2,February,0,0,0,0,2,0,0,0,0
2/26/2025,2025-02-26T01:44:03.1713170,1,Before 6AM,26,3,Wednesday,No,2,February,0,0,0,0,2,0,0,0,0
2/26/2025,2025-02-26T01:44:07.1275670,1,Before 6AM,26,3,Wednesday,No,2,February,0,0,0,0,2,0,0,0,0
2/26/2025,2025-02-26T01:44:26.3122930,1,Before 6AM,26,3,Wednesday,No,2,February,0,0,0,0,2,0,0,0,0
2/26/2025,2025-02-26T01:50:00.2363500,1,Before 6AM,26,3,Wednesday,No,2,February,0,0,0,0,2,0,0,0,0
2/26/2025,2025-02-26T01:50:04.4022740,1,Before 6AM,26,3,Wednesday,No,2,February,0,0,0,0,2,0,0,0,0
2/26/2025,2025-02-26T01:50:09.3915670,1,Before 6AM,26,3,Wednesday,No,2,February,0,0,0,0,2,0,0,0,0
2/26/2025,2025-02-26T01:50:16.0291250,1,Before 6AM,26,3,Wednesday,No,2,February,0,0,0,0,2,0,0,0,0
2/26/2025,2025-02-26T01:50:21.0640260,1,Before 6AM,26,3,Wednesday,No,2,February,0,0,0,0,2,0,0,0,0
2/26/2025,2025-02-26T01:56:12.5335410,1,Before 6AM,26,3,Wednesday,No,2,February,0,0,0,0,2,0,0,0,0
2/26/2025,2025-02-26T01:56:15.8947800,1,Before 6AM,26,3,Wednesday,No,2,February,0,0,0,0,1,0,0,0,0
2/26/2025,2025-02-26T01:57:17.8501730,1,Before 6AM,26,3,Wednesday,No,2,February,0,0,0,0,2,0,0,0,0
2/26/2025,2025-02-26T01:57:21.1169330,1,Before 6AM,26,3,Wednesday,No,2,February,0,0,0,0,2,0,0,0,0
2/26/2025,2025-02-26T01:57:29.9902740,1,Before 6AM,26,3,Wednesday,No,2,February,0,0,0,0,2,0,0,0,0
2/26/2025,2025-02-26T01:57:51.4935840,1,Before 6AM,26,3,Wednesday,No,2,February,0,0,0,0,2,0,0,0,0
2/26/2025,2025-02-26T01:58:13.7102320,1,Before 6AM,26,3,Wednesday,No,2,February,0,0,0,0,2,0,0,0,0
2/26/2025,2025-02-26T01:58:23.5761070,1,Before 6AM,26,3,Wednesday,No,2,February,0,0,0,0,2,0,0,0,0
2/26/2025,2025-02-26T01:58:40.2059050,1,Before 6AM,26,3,Wednesday,No,2,February,0,0,0,0,2,0,0,0,0
2/26/2025,2025-02-26T01:58:46.2827060,1,Before 6AM,26,3,Wednesday,No,2,February,0,0,0,0,2,0,0,0,0
2/26/2025,2025-02-26T01:58:52.7816360,1,Before 6AM,26,3,Wednesday,No,2,February,0,0,0,0,2,0,0,0,0
2/26/2025,2025-02-26T01:59:08.7045470,1,Before 6AM,26,3,Wednesday,No,2,February,0,0,0,0,2,0,0,0,0
2/26/2025,2025-02-26T01:59:26.8029170,1,Before 6AM,26,3,Wednesday,No,2,February,0,0,0,0,2,0,0,0,0
2/26/2025,2025-02-26T02:01:40.0290360,2,Before 6AM,26,3,Wednesday,No,2,February,0,0,0,0,2,0,0,0,0
2/26/2025,2025-02-26T02:01:42.8183150,2,Before 6AM,26,3,Wednesday,No,2,February,0,0,0,0,2,0,0,0,0
2/26/2025,2025-02-26T02:01:49.9803730,2,Before 6AM,26,3,Wednesday,No,2,February,0,0,0,0,2,0,0,0,0
2/26/2025,2025-02-26T02:01:55.9065990,2,Before 6AM,26,3,Wednesday,No,2,February,0,0,0,0,2,0,0,0,0
2/26/2025,2025-02-26T02:01:59.5400880,2,Before 6AM,26,3,Wednesday,No,2,February,0,0,0,0,2,0,0,0,0
2/26/2025,2025-02-26T02:02:16.8841880,2,Before 6AM,26,3,Wednesday,No,2,February,0,0,0,0,2,0,0,0,0
2/26/2025,2025-02-26T02:02:19.4726140,2,Before 6AM,26,3,Wednesday,No,2,February,0,0,0,0,2,0,0,0,0
2/26/2025,2025-02-26T02:02:20.5147120,2,Before 6AM,26,3,Wednesday,No,2,February,0,0,0,0,2,0,0,0,0
2/26/2025,2025-02-26T02:02:25.2552580,2,Before 6AM,26,3,Wednesday,No,2,February,0,0,0,0,2,0,0,0,0
2/26/2025,2025-02-26T02:02:33.7511660,2,Before 6AM,26,3,Wednesday,No,2,February,0,0,0,0,2,0,0,0,0
2/26/2025,2025-02-26T02:02:46.8816200,2,Before 6AM,26,3,Wednesday,No,2,February,0,0,0,0,2,0,0,0,0
2/26/2025,2025-02-26T02:02:50.2486200,2,Before 6AM,26,3,Wednesday,No,2,February,0,0,0,0,2,0,0,0,0
2/26/2025,2025-02-26T02:02:52.4913610,2,Before 6AM,26,3,Wednesday,No,2,February,0,0,0,0,2,0,0,0,0
2/26/2025,2025-02-26T02:02:55.1610360,2,Before 6AM,26,3,Wednesday,No,2,February,0,0,0,0,2,0,0,0,0
2/26/2025,2025-02-26T02:04:05.8527500,2,Before 6AM,26,3,Wednesday,No,2,February,0,0,0,0,2,0,0,0,0
2/26/2025,2025-02-26T02:04:22.8598830,2,Before 6AM,26,3,Wednesday,No,2,February,0,0,0,0,2,0,0,0,0
2/26/2025,2025-02-26T02:04:24.4103830,2,Before 6AM,26,3,Wednesday,No,2,February,0,0,0,0,2,0,0,0,0
2/26/2025,2025-02-26T02:04:54.7798710,2,Before 6AM,26,3,Wednesday,No,2,February,0,0,0,0,2,0,0,0,0
2/26/2025,2025-02-26T02:05:59.5074560,2,Before 6AM,26,3,Wednesday,No,2,February,0,0,0,0,2,0,0,0,0
2/26/2025,2025-02-26T02:06:05.9145650,2,Before 6AM,26,3,Wednesday,No,2,February,0,0,0,0,2,0,0,0,0
2/26/2025,2025-02-26T02:06:41.9083270,2,Before 6AM,26,3,Wednesday,No,2,February,0,0,0,0,2,0,0,0,0
2/26/2025,2025-02-26T02:06:57.3953950,2,Before 6AM,26,3,Wednesday,No,2,February,0,0,0,0,2,0,0,0,0
2/26/2025,2025-02-26T02:07:02.6305700,2,Before 6AM,26,3,Wednesday,No,2,February,0,0,0,0,1,0,0,0,0
2/26/2025,2025-02-26T02:07:07.0067990,2,Before 6AM,26,3,Wednesday,No,2,February,0,0,0,0,2,0,0,0,0
2/26/2025,2025-02-26T02:07:36.7306850,2,Before 6AM,26,3,Wednesday,No,2,February,0,0,0,0,2,0,0,0,0
2/26/2025,2025-02-26T02:07:48.5150910,2,Before 6AM,26,3,Wednesday,No,2,February,0,0,0,0,2,0,0,0,0
2/26/2025,2025-02-26T02:08:12.1154140,2,Before 6AM,26,3,Wednesday,No,2,February,0,0,0,0,2,0,0,0,0
2/26/2025,2025-02-26T02:08:26.9726180,2,Before 6AM,26,3,Wednesday,No,2,February,0,0,0,0,2,0,0,0,0
2/26/2025,2025-02-26T02:08:28.9589400,2,Before 6AM,26,3,Wednesday,No,2,February,0,0,0,0,2,0,0,0,0
2/26/2025,2025-02-26T02:08:53.4489530,2,Before 6AM,26,3,Wednesday,No,2,February,0,0,0,0,2,0,0,0,0
2/26/2025,2025-02-26T02:10:09.1947720,2,Before 6AM,26,3,Wednesday,No,2,February,0,0,0,0,2,0,0,0,0
2/26/2025,2025-02-26T02:10:11.0310580,2,Before 6AM,26,3,Wednesday,No,2,February,0,0,0,0,2,0,0,0,0
2/26/2025,2025-02-26T02:10:17.5098160,2,Before 6AM,26,3,Wednesday,No,2,February,0,0,0,0,2,0,0,0,0
2/26/2025,2025-02-26T02:12:12.2126800,2,Before 6AM,26,3,Wednesday,No,2,February,0,0,0,0,2,0,0,0,0
2/26/2025,2025-02-26T02:12:21.6345480,2,Before 6AM,26,3,Wednesday,No,2,February,0,0,0,0,2,0,0,0,0
2/26/2025,2025-02-26T02:12:24.8871370,2,Before 6AM,26,3,Wednesday,No,2,February,0,0,0,0,1,0,0,0,0
2/26/2025,2025-02-26T02:12:34.0519920,2,Before 6AM,26,3,Wednesday,No,2,February,0,0,0,0,2,0,0,0,0
2/26/2025,2025-02-26T02:12:38.6961250,2,Before 6AM,26,3,Wednesday,No,2,February,0,0,0,0,1,0,0,0,0
2/26/2025,2025-02-26T02:12:52.9818230,2,Before 6AM,26,3,Wednesday,No,2,February,0,0,0,0,2,0,0,0,0
2/26/2025,2025-02-26T02:13:24.3004270,2,Before 6AM,26,3,Wednesday,No,2,February,0,0,0,0,2,0,0,0,0
2/26/2025,2025-02-26T02:13:42.8855500,2,Before 6AM,26,3,Wednesday,No,2,February,0,0,0,0,2,0,0,0,0
2/26/2025,2025-02-26T02:13:58.4455030,2,Before 6AM,26,3,Wednesday,No,2,February,0,0,0,0,2,0,0,0,0
2/26/2025,2025-02-26T02:14:02.4466840,2,Before 6AM,26,3,Wednesday,No,2,February,0,0,0,0,2,0,0,0,0
2/26/2025,2025-02-26T02:14:06.5817100,2,Before 6AM,26,3,Wednesday,No,2,February,0,0,0,0,2,0,0,0,0
2/26/2025,2025-02-26T02:15:16.5592110,2,Before 6AM,26,3,Wednesday,No,2,February,0,0,0,0,2,0,0,0,0
2/26/2025,2025-02-26T02:16:02.3805620,2,Before 6AM,26,3,Wednesday,No,2,February,0,0,0,0,2,0,0,0,0
2/26/2025,2025-02-26T02:19:35.0282240,2,Before 6AM,26,3,Wednesday,No,2,February,0,0,0,0,2,0,0,0,0
2/26/2025,2025-02-26T02:19:37.7407320,2,Before 6AM,26,3,Wednesday,No,2,February,0,0,0,0,2,0,0,0,0
2/26/2025,2025-02-26T02:22:14.1671410,2,Before 6AM,26,3,Wednesday,No,2,February,0,0,0,0,2,0,0,0,0
2/26/2025,2025-02-26T02:25:06.4978610,2,Before 6AM,26,3,Wednesday,No,2,February,0,0,0,0,2,0,0,0,0
2/26/2025,2025-02-26T02:25:14.1340070,2,Before 6AM,26,3,Wednesday,No,2,February,0,0,0,0,2,0,0,0,0
2/26/2025,2025-02-26T02:25:25.0908830,2,Before 6AM,26,3,Wednesday,No,2,February,0,0,0,0,2,0,0,0,0
2/26/2025,2025-02-26T02:48:36.2159300,2,Before 6AM,26,3,Wednesday,No,2,February,0,0,0,0,2,0,0,0,0
2/26/2025,2025-02-26T02:48:37.4004350,2,Before 6AM,26,3,Wednesday,No,2,February,0,0,0,0,2,0,0,0,0
2/26/2025,2025-02-26T02:48:49.9329750,2,Before 6AM,26,3,Wednesday,No,2,February,0,0,0,0,2,0,0,0,0
2/26/2025,2025-02-26T02:48:51.1526660,2,Before 6AM,26,3,Wednesday,No,2,February,0,0,0,0,2,0,0,0,0
2/26/2025,2025-02-26T02:49:25.9995240,2,Before 6AM,26,3,Wednesday,No,2,February,0,0,0,0,2,0,0,0,0
2/26/2025,2025-02-26T02:49:34.3214790,2,Before 6AM,26,3,Wednesday,No,2,February,0,0,0,0,1,0,0,0,0
2/26/2025,2025-02-26T02:49:35.7254280,2,Before 6AM,26,3,Wednesday,No,2,February,0,0,0,0,1,0,0,0,0
2/26/2025,2025-02-26T02:49:51.9664510,2,Before 6AM,26,3,Wednesday,No,2,February,0,0,0,0,2,0,0,0,0
2/26/2025,2025-02-26T02:49:54.4394590,2,Before 6AM,26,3,Wednesday,No,2,February,0,0,0,0,2,0,0,0,0
2/26/2025,2025-02-26T02:49:55.7903870,2,Before 6AM,26,3,Wednesday,No,2,February,0,0,0,0,2,0,0,0,0
2/26/2025,2025-02-26T02:50:06.3101350,2,Before 6AM,26,3,Wednesday,No,2,February,0,0,0,0,2,0,0,0,0
2/26/2025,2025-02-26T02:50:13.5238230,2,Before 6AM,26,3,Wednesday,No,2,February,0,0,0,0,2,0,0,0,0
2/26/2025,2025-02-26T02:50:16.1101900,2,Before 6AM,26,3,Wednesday,No,2,February,0,0,0,0,2,0,0,0,0
2/26/2025,2025-02-26T02:50:22.8419050,2,Before 6AM,26,3,Wednesday,No,2,February,0,0,0,0,2,0,0,0,0
2/26/2025,2025-02-26T02:50:31.7292090,2,Before 6AM,26,3,Wednesday,No,2,February,0,0,0,0,2,0,0,0,0
2/26/2025,2025-02-26T02:58:28.4816350,2,Before 6AM,26,3,Wednesday,No,2,February,0,0,0,0,2,0,0,0,0
2/26/2025,2025-02-26T02:58:53.9522430,2,Before 6AM,26,3,Wednesday,No,2,February,0,0,0,0,2,0,0,0,0
2/26/2025,2025-02-26T02:59:03.2083980,2,Before 6AM,26,3,Wednesday,No,2,February,0,0,0,0,2,0,0,0,0
2/26/2025,2025-02-26T02:59:14.5074490,2,Before 6AM,26,3,Wednesday,No,2,February,0,0,0,0,2,0,0,0,0
2/26/2025,2025-02-26T02:59:39.2837790,2,Before 6AM,26,3,Wednesday,No,2,February,0,0,0,0,2,0,0,0,0
2/26/2025,2025-02-26T03:03:20.9870650,3,Before 6AM,26,3,Wednesday,No,2,February,0,0,0,0,1,0,0,0,0
2/26/2025,2025-02-26T03:03:21.0029110,3,Before 6AM,26,3,Wednesday,No,2,February,0,0,0,0,1,0,0,0,0
2/26/2025,2025-02-26T14:22:20.6171430,14,12PM to 8PM,26,3,Wednesday,No,2,February,0,0,0,0,2,0,0,0,0
2/26/2025,2025-02-26T14:22:33.8537280,14,12PM to 8PM,26,3,Wednesday,No,2,February,0,0,0,0,2,0,0,0,0
2/26/2025,2025-02-26T14:22:43.1408740,14,12PM to 8PM,26,3,Wednesday,No,2,February,0,0,0,0,2,0,0,0,0
2/26/2025,2025-02-26T14:23:20.3221300,14,12PM to 8PM,26,3,Wednesday,No,2,February,0,0,0,0,1,0,0,0,0
2/26/2025,2025-02-26T14:23:21.4436660,14,12PM to 8PM,26,3,Wednesday,No,2,February,0,0,0,0,1,0,0,0,0
2/26/2025,2025-02-26T14:23:23.0683530,14,12PM to 8PM,26,3,Wednesday,No,2,February,0,0,0,0,1,0,0,0,0
2/26/2025,2025-02-26T14:23:26.4057460,14,12PM to 8PM,26,3,Wednesday,No,2,February,0,0,0,0,1,0,0,0,0
2/26/2025,2025-02-26T14:24:00.5855980,14,12PM to 8PM,26,3,Wednesday,No,2,February,0,0,0,0,2,0,0,0,0
2/26/2025,2025-02-26T14:35:40.4482740,14,12PM to 8PM,26,3,Wednesday,No,2,February,0,0,0,0,2,0,0,0,0
2/26/2025,2025-02-26T14:40:07.6750460,14,12PM to 8PM,26,3,Wednesday,No,2,February,0,0,0,0,2,0,0,0,0
2/26/2025,2025-02-26T14:40:40.7672780,14,12PM to 8PM,26,3,Wednesday,No,2,February,0,0,0,0,3,0,0,0,0
2/26/2025,2025-02-26T14:48:14.3256180,14,12PM to 8PM,26,3,Wednesday,No,2,February,0,0,0,0,1,0,0,0,0
2/26/2025,2025-02-26T14:51:11.1054570,14,12PM to 8PM,26,3,Wednesday,No,2,February,0,0,0,0,1,0,0,0,0
2/26/2025,2025-02-26T14:51:28.4033870,14,12PM to 8PM,26,3,Wednesday,No,2,February,0,0,0,0,1,0,0,0,0
2/26/2025,2025-02-26T14:51:35.8575430,14,12PM to 8PM,26,3,Wednesday,No,2,February,0,0,0,0,1,0,0,0,0
2/26/2025,2025-02-26T14:52:01.0887880,14,12PM to 8PM,26,3,Wednesday,No,2,February,0,0,0,0,2,0,0,0,0
2/26/2025,2025-02-26T15:02:24.4985920,15,12PM to 8PM,26,3,Wednesday,No,2,February,0,0,0,0,2,0,0,0,0
2/26/2025,2025-02-26T15:13:56.4711720,15,12PM to 8PM,26,3,Wednesday,No,2,February,0,0,0,0,2,0,0,0,0
2/26/2025,2025-02-26T16:18:59.6416270,16,12PM to 8PM,26,3,Wednesday,No,2,February,0,0,0,0,1,0,0,0,0
2/26/2025,2025-02-26T16:19:01.3819290,16,12PM to 8PM,26,3,Wednesday,No,2,February,0,0,0,0,3,0,0,0,0
2/26/2025,2025-02-26T16:19:03.4125300,16,12PM to 8PM,26,3,Wednesday,No,2,February,0,0,0,0,4,0,0,0,0
2/26/2025,2025-02-26T16:19:04.6287380,16,12PM to 8PM,26,3,Wednesday,No,2,February,0,0,0,0,1,0,0,0,0
2/26/2025,2025-02-26T16:19:05.7339300,16,12PM to 8PM,26,3,Wednesday,No,2,February,0,0,0,0,2,0,0,0,0
2/26/2025,2025-02-26T16:19:05.9899580,16,12PM to 8PM,26,3,Wednesday,No,2,February,0,0,0,0,1,0,0,0,0
2/26/2025,2025-02-26T16:19:05.9969280,16,12PM to 8PM,26,3,Wednesday,No,2,February,0,0,0,0,1,0,0,0,0
2/26/2025,2025-02-26T16:19:06.1610070,16,12PM to 8PM,26,3,Wednesday,No,2,February,0,0,0,0,1,0,0,0,0
2/26/2025,2025-02-26T16:19:06.6393130,16,12PM to 8PM,26,3,Wednesday,No,2,February,0,0,0,0,1,0,0,0,0
2/26/2025,2025-02-26T16:20:38.7061390,16,12PM to 8PM,26,3,Wednesday,No,2,February,0,0,0,0,2,0,0,0,0
2/26/2025,2025-02-26T16:20:59.6410820,16,12PM to 8PM,26,3,Wednesday,No,2,February,0,0,0,0,2,0,0,0,0
2/26/2025,2025-02-26T16:23:12.5273520,16,12PM to 8PM,26,3,Wednesday,No,2,February,0,0,0,0,2,0,0,0,0
2/26/2025,2025-02-26T16:23:52.2012570,16,12PM to 8PM,26,3,Wednesday,No,2,February,0,0,0,0,2,0,0,0,0
2/26/2025,2025-02-26T16:23:53.4724660,16,12PM to 8PM,26,3,Wednesday,No,2,February,0,0,0,0,2,0,0,0,0
2/26/2025,2025-02-26T16:23:54.7233830,16,12PM to 8PM,26,3,Wednesday,No,2,February,0,0,0,0,2,0,0,0,0
2/26/2025,2025-02-26T16:23:55.8972360,16,12PM to 8PM,26,3,Wednesday,No,2,February,0,0,0,0,2,0,0,0,0
2/26/2025,2025-02-26T16:23:56.3571280,16,12PM to 8PM,26,3,Wednesday,No,2,February,0,0,0,0,2,0,0,0,0
2/26/2025,2025-02-26T16:23:57.3288350,16,12PM to 8PM,26,3,Wednesday,No,2,February,0,0,0,0,2,0,0,0,0
2/26/2025,2025-02-26T16:24:02.0130470,16,12PM to 8PM,26,3,Wednesday,No,2,February,0,0,0,0,2,0,0,0,0
2/26/2025,2025-02-26T16:24:05.7895780,16,12PM to 8PM,26,3,Wednesday,No,2,February,0,0,0,0,2,0,0,0,0
2/26/2025,2025-02-26T16:24:07.3451670,16,12PM to 8PM,26,3,Wednesday,No,2,February,0,0,0,0,2,0,0,0,0
2/26/2025,2025-02-26T16:24:08.5603460,16,12PM to 8PM,26,3,Wednesday,No,2,February,0,0,0,0,2,0,0,0,0
2/26/2025,2025-02-26T16:24:18.6697330,16,12PM to 8PM,26,3,Wednesday,No,2,February,0,0,0,0,2,0,0,0,0
2/26/2025,2025-02-26T16:24:19.8210020,16,12PM to 8PM,26,3,Wednesday,No,2,February,0,0,0,0,2,0,0,0,0
2/26/2025,2025-02-26T16:24:27.6453910,16,12PM to 8PM,26,3,Wednesday,No,2,February,0,0,0,0,2,0,0,0,0
2/26/2025,2025-02-26T16:24:33.7544650,16,12PM to 8PM,26,3,Wednesday,No,2,February,0,0,0,0,2,0,0,0,0
2/26/2025,2025-02-26T16:27:04.8968050,16,12PM to 8PM,26,3,Wednesday,No,2,February,0,0,0,0,2,0,0,0,0
2/26/2025,2025-02-26T16:27:11.7536090,16,12PM to 8PM,26,3,Wednesday,No,2,February,0,0,0,0,2,0,0,0,0
2/26/2025,2025-02-26T16:31:27.6963840,16,12PM to 8PM,26,3,Wednesday,No,2,February,0,0,0,0,2,0,0,0,0
2/26/2025,2025-02-26T16:31:41.8567710,16,12PM to 8PM,26,3,Wednesday,No,2,February,0,0,0,0,2,0,0,0,0
2/26/2025,2025-02-26T16:32:10.0666600,16,12PM to 8PM,26,3,Wednesday,No,2,February,0,0,0,0,2,0,0,0,0
2/26/2025,2025-02-26T16:45:58.5724860,16,12PM to 8PM,26,3,Wednesday,No,2,February,0,0,0,0,2,0,0,0,0
2/26/2025,2025-02-26T18:14:45.6836050,18,12PM to 8PM,26,3,Wednesday,No,2,February,0,0,0,0,2,0,0,0,0
2/26/2025,2025-02-26T18:14:58.8796750,18,12PM to 8PM,26,3,Wednesday,No,2,February,0,0,0,0,2,0,0,0,0
2/26/2025,2025-02-26T18:25:10.8095210,18,12PM to 8PM,26,3,Wednesday,No,2,February,0,0,0,0,2,0,0,0,0
2/26/2025,2025-02-26T18:25:10.8322830,18,12PM to 8PM,26,3,Wednesday,No,2,February,0,0,0,0,2,0,0,0,0
2/26/2025,2025-02-26T18:25:35.6648720,18,12PM to 8PM,26,3,Wednesday,No,2,February,0,0,0,0,2,0,0,0,0
2/26/2025,2025-02-26T18:28:55.3785010,18,12PM to 8PM,26,3,Wednesday,No,2,February,0,0,0,0,2,0,0,0,0
2/26/2025,2025-02-26T18:56:02.7197280,18,12PM to 8PM,26,3,Wednesday,No,2,February,0,0,0,0,2,0,0,0,0
